# run_id=0x2509059C,profile_id=0x1405,algorithm_id=0x0015,out_sha256=AEF6083F6E08BC65689F86F7F67FF6DCDB3D6409C8219F5C1FA7C1FAAF0A09AA
# data_checksum=0x6c75b0c2,count=480,overflow=0
# scope=supplemental_monotonic_16_level_map,scheduled_cr_not_independently_measured=true
bin,t_end_ms_nominal,t_end_target_ticks,scheduled_cr_ohm,raw_min,raw_max,raw_avg,vout_avg_v,cycle_sum,packet_sum,tick_delta,demand_index
0,100,5044,20,1221,1262,1247,10.023673,6591,49,5044,22043
1,200,10026,20,1228,1262,1247,10.023673,6482,48,4982,21870
2,300,15029,20,1221,1263,1248,10.031763,6488,48,5003,21870
3,400,20000,20,1218,1263,1248,10.031763,6464,48,4971,21641
4,500,25000,20,1222,1263,1248,10.031763,6488,48,5000,21870
5,600,30063,20,1227,1263,1250,10.047941,6598,49,5063,22043
6,700,35057,20,1228,1263,1249,10.039852,6561,49,4994,21812
7,800,40000,20,1222,1262,1248,10.031763,6441,48,4943,21574
8,900,45060,20,1225,1263,1249,10.039852,6602,49,5060,22110
9,1000,50000,20,1217,1262,1247,10.023673,6442,48,4940,21574
10,1100,55022,20,1231,1263,1252,10.064120,6584,49,5022,22043
11,1200,60000,20,1222,1261,1242,9.983227,6460,48,4978,21641
12,1300,65029,20,1239,1263,1253,10.072209,6583,49,5029,22043
13,1400,70000,20,1221,1259,1249,10.039852,6463,48,4971,21641
14,1500,75035,20,1227,1262,1249,10.039852,6583,49,5035,22043
15,1600,80000,20,1222,1260,1249,10.039852,6459,48,4965,21574
16,1700,85000,20,1224,1261,1249,10.039852,6465,48,5000,21641
17,1800,90016,20,1224,1262,1248,10.031763,6584,49,5016,22043
18,1900,95063,20,1223,1261,1250,10.047941,6508,48,5047,21937
19,2000,100050,20,1228,1259,1247,10.023673,6470,48,4987,21641
20,2100,105000,20,1236,1261,1249,10.039852,6454,48,4950,21574
21,2200,110058,20,1222,1258,1246,10.015584,6599,49,5058,22043
22,2300,115000,20,1225,1263,1249,10.039852,6348,47,4942,21397
23,2400,120016,20,1226,1262,1249,10.039852,6583,49,5016,22043
24,2500,125008,20,1226,1261,1250,10.047941,6560,49,4992,21812
25,2600,130037,20,1224,1262,1250,10.047941,6579,49,5029,21976
26,2700,135000,20,1221,1262,1250,10.047941,6449,48,4963,21574
27,2800,140050,20,1236,1262,1251,10.056031,6596,49,5050,22043
28,2900,145000,20,1222,1262,1246,10.015584,6444,48,4950,21574
29,3000,150000,20,1224,1263,1249,10.039852,6558,49,5000,21745
30,3100,155000,19,1218,1261,1243,9.991316,6567,49,5000,21976
31,3200,160000,19,1221,1263,1248,10.031763,6577,49,5000,21976
32,3300,165000,19,1215,1260,1245,10.007495,6466,48,5000,21641
33,3400,170036,19,1216,1262,1249,10.039852,6592,49,5036,22043
34,3500,175062,19,1221,1263,1249,10.039852,6577,49,5026,21976
35,3600,180020,19,1217,1262,1248,10.031763,6456,48,4958,21574
36,3700,185065,19,1230,1263,1251,10.056031,6580,49,5045,22043
37,3800,190000,19,1224,1262,1246,10.015584,6441,48,4935,21574
38,3900,195000,19,1225,1263,1249,10.039852,6573,49,5000,21976
39,4000,200000,19,1225,1261,1246,10.015584,6561,49,5000,21812
40,4100,205048,19,1222,1262,1248,10.031763,6593,49,5048,22043
41,4200,210000,19,1219,1263,1247,10.023673,6445,48,4952,21574
42,4300,215000,19,1220,1263,1247,10.023673,6567,49,5000,21976
43,4400,220014,19,1239,1263,1254,10.080299,6577,49,5014,21976
44,4500,225062,19,1218,1264,1247,10.023673,6584,49,5048,22043
45,4600,230000,19,1217,1262,1246,10.015584,6447,48,4938,21574
46,4700,235042,19,1232,1261,1250,10.047941,6586,49,5042,22043
47,4800,240062,19,1221,1262,1247,10.023673,6572,49,5020,21976
48,4900,245018,19,1223,1262,1246,10.015584,6460,48,4956,21641
49,5000,250006,19,1223,1259,1247,10.023673,6553,49,4988,21745
50,5100,255024,19,1222,1263,1247,10.023673,6574,49,5018,21976
51,5200,260000,19,1230,1263,1250,10.047941,6445,48,4976,21574
52,5300,265046,19,1219,1262,1246,10.015584,6599,49,5046,22043
53,5400,270000,19,1223,1262,1248,10.031763,6445,48,4954,21574
54,5500,275010,19,1220,1262,1246,10.015584,6566,49,5010,21976
55,5600,280064,19,1219,1262,1248,10.031763,6672,50,5054,22144
56,5700,285000,19,1222,1259,1246,10.015584,6449,48,4936,21574
57,5800,290000,19,1223,1263,1248,10.031763,6452,48,5000,21574
58,5900,295008,19,1223,1260,1247,10.023673,6580,49,5008,22043
59,6000,300008,19,1223,1262,1247,10.023673,6562,49,5000,21812
60,6100,305000,18,1222,1262,1248,10.031763,6468,48,4992,21641
61,6200,310000,18,1229,1262,1252,10.064120,6565,49,5000,21812
62,6300,315058,18,1224,1264,1248,10.031763,6585,49,5058,22043
63,6400,320000,18,1222,1262,1248,10.031763,6441,48,4942,21574
64,6500,325000,18,1224,1260,1249,10.039852,6570,49,5000,21976
65,6600,330000,18,1230,1263,1251,10.056031,6549,49,5000,21745
66,6700,335047,18,1221,1262,1249,10.039852,6597,49,5047,22043
67,6800,340010,18,1219,1261,1250,10.047941,6543,49,4963,21745
68,6900,345056,18,1216,1262,1248,10.031763,6583,49,5046,22043
69,7000,350036,18,1222,1262,1248,10.031763,6474,48,4980,21641
70,7100,355009,18,1215,1262,1244,9.999405,6550,49,4973,21745
71,7200,360042,18,1221,1263,1251,10.056031,6574,49,5033,21976
72,7300,365000,18,1232,1263,1251,10.056031,6456,48,4958,21574
73,7400,370000,18,1226,1262,1249,10.039852,6557,49,5000,21745
74,7500,375004,18,1221,1262,1250,10.047941,6570,49,5004,21976
75,7600,380000,18,1221,1264,1247,10.023673,6565,49,4996,21812
76,7700,385000,18,1224,1263,1250,10.047941,6561,49,5000,21812
77,7800,390000,18,1223,1263,1250,10.047941,6467,48,5000,21641
78,7900,395003,18,1224,1263,1249,10.039852,6579,49,5003,21976
79,8000,400002,18,1227,1263,1249,10.039852,6560,49,4999,21812
80,8100,405000,18,1223,1262,1251,10.056031,6545,49,4998,21745
81,8200,410000,18,1222,1263,1250,10.047941,6568,49,5000,21976
82,8300,415054,18,1234,1263,1250,10.047941,6681,50,5054,22211
83,8400,420063,18,1222,1262,1247,10.023673,6483,48,5009,21870
84,8500,425000,18,1223,1262,1246,10.015584,6441,48,4937,21574
85,8600,430000,18,1232,1262,1251,10.056031,6466,48,5000,21641
86,8700,435000,18,1227,1259,1245,10.007495,6562,49,5000,21812
87,8800,440000,18,1234,1262,1250,10.047941,6569,49,5000,21976
88,8900,445000,18,1221,1263,1247,10.023673,6557,49,5000,21745
89,9000,450036,18,1224,1262,1249,10.039852,6578,49,5036,21976
90,9100,455000,17,1224,1263,1247,10.023673,6455,48,4964,21574
91,9200,460008,17,1222,1263,1248,10.031763,6572,49,5008,21976
92,9300,465000,17,1226,1262,1250,10.047941,6537,49,4992,21679
93,9400,470004,17,1221,1261,1248,10.031763,6577,49,5004,21976
94,9500,475062,17,1226,1262,1251,10.056031,6591,49,5058,22043
95,9600,480000,17,1218,1262,1248,10.031763,6434,48,4938,21507
96,9700,485011,17,1225,1261,1247,10.023673,6575,49,5011,21976
97,9800,490019,17,1222,1263,1247,10.023673,6576,49,5008,21976
98,9900,495060,17,1222,1264,1250,10.047941,6580,49,5041,22043
99,10000,500040,17,1222,1262,1247,10.023673,6468,48,4980,21641
100,10100,505000,17,1234,1265,1251,10.056031,6454,48,4960,21574
101,10200,510000,17,1223,1262,1245,10.007495,6477,48,5000,21641
102,10300,515036,17,1230,1262,1251,10.056031,6578,49,5036,21976
103,10400,520044,17,1229,1263,1251,10.056031,6571,49,5008,21976
104,10500,525000,17,1237,1262,1252,10.064120,6460,48,4956,21641
105,10600,530000,17,1222,1264,1250,10.047941,6558,49,5000,21745
106,10700,535017,17,1217,1261,1247,10.023673,6588,49,5017,22043
107,10800,540021,17,1215,1261,1246,10.015584,6472,48,5004,21641
108,10900,545000,17,1223,1262,1245,10.007495,6539,49,4979,21679
109,11000,550000,17,1225,1263,1250,10.047941,6552,49,5000,21745
110,11100,555059,17,1215,1262,1250,10.047941,6583,49,5059,22043
111,11200,560025,17,1222,1262,1245,10.007495,6536,49,4966,21679
112,11300,565064,17,1224,1260,1247,10.023673,6583,49,5039,22043
113,11400,570000,17,1218,1262,1250,10.047941,6437,48,4936,21507
114,11500,575000,17,1222,1261,1245,10.007495,6460,48,5000,21641
115,11600,580006,17,1239,1262,1252,10.064120,6580,49,5006,22043
116,11700,585000,17,1223,1261,1245,10.007495,6542,49,4994,21745
117,11800,590066,17,1223,1263,1246,10.015584,6688,50,5066,22211
118,11900,595015,17,1222,1257,1247,10.023673,6453,48,4949,21574
119,12000,600054,17,1222,1263,1249,10.039852,6576,49,5039,21976
120,12100,605067,16,1224,1262,1250,10.047941,6560,49,5013,21812
121,12200,610029,16,1223,1261,1245,10.007495,6538,49,4962,21679
122,12300,615040,16,1226,1262,1250,10.047941,6571,49,5011,21976
123,12400,620040,16,1221,1264,1249,10.039852,6562,49,5000,21812
124,12500,625042,16,1225,1261,1247,10.023673,6566,49,5002,21976
125,12600,630057,16,1226,1264,1248,10.031763,6567,49,5015,21976
126,12700,635037,16,1216,1263,1250,10.047941,6548,49,4980,21745
127,12800,640000,16,1223,1261,1249,10.039852,6444,48,4963,21574
128,12900,645052,16,1223,1260,1246,10.015584,6685,50,5052,22211
129,13000,650062,16,1242,1262,1252,10.064120,6658,50,5010,22078
130,13100,655000,16,1216,1262,1244,9.999405,6436,48,4938,21507
131,13200,660000,16,1222,1264,1251,10.056031,6544,49,5000,21745
132,13300,665008,16,1237,1262,1251,10.056031,6583,49,5008,22043
133,13400,670035,16,1219,1262,1247,10.023673,6659,50,5027,22078
134,13500,675049,16,1227,1262,1252,10.064120,6563,49,5014,21812
135,13600,680011,16,1222,1263,1250,10.047941,6450,48,4962,21574
136,13700,685018,16,1218,1261,1247,10.023673,6567,49,5007,21976
137,13800,690000,16,1222,1261,1247,10.023673,6451,48,4982,21574
138,13900,695026,16,1226,1262,1250,10.047941,6583,49,5026,22043
139,14000,700044,16,1227,1260,1247,10.023673,6568,49,5018,21976
140,14100,705019,16,1235,1263,1251,10.056031,6544,49,4975,21745
141,14200,710038,16,1223,1260,1247,10.023673,6567,49,5019,21976
142,14300,715011,16,1225,1260,1248,10.031763,6549,49,4973,21745
143,14400,720031,16,1222,1259,1247,10.023673,6581,49,5020,22043
144,14500,725038,16,1217,1262,1249,10.039852,6476,48,5007,21641
145,14600,730021,16,1216,1264,1249,10.039852,6555,49,4983,21745
146,14700,735000,16,1221,1262,1246,10.015584,6548,49,4979,21745
147,14800,740000,16,1221,1263,1252,10.064120,6564,49,5000,21812
148,14900,745067,16,1236,1262,1252,10.064120,6587,49,5067,22043
149,15000,750000,16,1232,1261,1252,10.064120,6433,48,4933,21507
150,15100,755067,15,1215,1261,1246,10.015584,6595,49,5067,22043
151,15200,760002,15,1222,1263,1249,10.039852,6439,48,4935,21507
152,15300,765054,15,1226,1262,1248,10.031763,6583,49,5052,22043
153,15400,770000,15,1216,1262,1248,10.031763,6445,48,4946,21574
154,15500,775000,15,1234,1264,1251,10.056031,6558,49,5000,21745
155,15600,780000,15,1225,1263,1250,10.047941,6564,49,5000,21812
156,15700,785000,15,1215,1261,1246,10.015584,6546,49,5000,21745
157,15800,790005,15,1225,1263,1248,10.031763,6570,49,5005,21976
158,15900,795044,15,1218,1261,1248,10.031763,6577,49,5039,21976
159,16000,800046,15,1223,1262,1249,10.039852,6557,49,5002,21745
160,16100,805043,15,1222,1263,1248,10.031763,6565,49,4997,21812
161,16200,810066,15,1230,1262,1252,10.064120,6568,49,5023,21976
162,16300,815067,15,1223,1262,1249,10.039852,6549,49,5001,21745
163,16400,820011,15,1222,1261,1245,10.007495,6528,49,4944,21679
164,16500,825011,15,1221,1261,1247,10.023673,6559,49,5000,21745
165,16600,830000,15,1223,1261,1245,10.007495,6460,48,4989,21641
166,16700,835000,15,1219,1263,1247,10.023673,6557,49,5000,21745
167,16800,840000,15,1226,1263,1249,10.039852,6562,49,5000,21812
168,16900,845000,15,1226,1262,1248,10.031763,6546,49,5000,21745
169,17000,850000,15,1230,1262,1251,10.056031,6556,49,5000,21745
170,17100,855004,15,1214,1262,1249,10.039852,6565,49,5004,21812
171,17200,860000,15,1218,1260,1243,9.991316,6549,49,4996,21745
172,17300,865035,15,1222,1263,1245,10.007495,6671,50,5035,22144
173,17400,870047,15,1218,1263,1243,9.991316,6562,49,5012,21812
174,17500,875063,15,1223,1261,1250,10.047941,6577,49,5016,21976
175,17600,880070,15,1221,1265,1249,10.039852,6564,49,5007,21812
176,17700,885000,15,1223,1263,1248,10.031763,6425,48,4930,21346
177,17800,890066,15,1229,1262,1250,10.047941,6685,50,5066,22211
178,17900,895054,15,1224,1263,1251,10.056031,6548,49,4988,21745
179,18000,900066,15,1229,1265,1250,10.047941,6561,49,5012,21812
180,18100,905051,14,1222,1262,1248,10.031763,6548,49,4985,21745
181,18200,910000,14,1225,1262,1248,10.031763,6444,48,4949,21574
182,18300,915029,14,1221,1263,1247,10.023673,6578,49,5029,21976
183,18400,920047,14,1222,1262,1247,10.023673,6572,49,5018,21976
184,18500,925056,14,1220,1263,1250,10.047941,6559,49,5009,21745
185,18600,930000,14,1224,1263,1247,10.023673,6433,48,4944,21507
186,18700,935000,14,1225,1263,1249,10.039852,6581,49,5000,22043
187,18800,940000,14,1225,1261,1248,10.031763,6546,49,5000,21745
188,18900,945038,14,1226,1261,1248,10.031763,6677,50,5038,22144
189,19000,950000,14,1231,1262,1246,10.015584,6529,49,4962,21679
190,19100,955042,14,1228,1262,1248,10.031763,6579,49,5042,21976
191,19200,960061,14,1228,1263,1247,10.023673,6571,49,5019,21976
192,19300,965045,14,1217,1263,1250,10.047941,6560,49,4984,21812
193,19400,970024,14,1225,1263,1247,10.023673,6543,49,4979,21745
194,19500,975000,14,1223,1263,1248,10.031763,6543,49,4976,21745
195,19600,980041,14,1223,1262,1248,10.031763,6675,50,5041,22144
196,19700,985066,14,1217,1261,1248,10.031763,6563,49,5025,21812
197,19800,990011,14,1223,1261,1248,10.031763,6439,48,4945,21507
198,19900,995030,14,1226,1262,1250,10.047941,6570,49,5019,21976
199,20000,1000018,14,1226,1263,1250,10.047941,6550,49,4988,21745
200,20100,1005020,14,1222,1263,1245,10.007495,6566,49,5002,21976
201,20200,1010000,14,1234,1262,1250,10.047941,6542,49,4980,21745
202,20300,1015000,14,1225,1264,1247,10.023673,6556,49,5000,21745
203,20400,1020061,14,1226,1262,1246,10.015584,6682,50,5061,22211
204,20500,1025034,14,1221,1260,1245,10.007495,6548,49,4973,21745
205,20600,1030034,14,1223,1262,1247,10.023673,6560,49,5000,21812
206,20700,1035022,14,1234,1263,1250,10.047941,6556,49,4988,21745
207,20800,1040066,14,1221,1260,1247,10.023673,6590,49,5044,22043
208,20900,1045000,14,1224,1263,1248,10.031763,6426,48,4934,21346
209,21000,1050054,14,1221,1264,1248,10.031763,6585,49,5054,22043
210,21100,1055050,13,1222,1264,1247,10.023673,6554,49,4996,21745
211,21200,1060008,13,1233,1261,1251,10.056031,6545,49,4958,21745
212,21300,1065027,13,1216,1263,1246,10.015584,6571,49,5019,21976
213,21400,1070055,13,1222,1263,1249,10.039852,6567,49,5028,21976
214,21500,1075045,13,1231,1262,1249,10.039852,6557,49,4990,21745
215,21600,1080048,13,1224,1263,1248,10.031763,6559,49,5003,21745
216,21700,1085024,13,1223,1258,1249,10.039852,6540,49,4976,21745
217,21800,1090059,13,1228,1263,1248,10.031763,6573,49,5035,21976
218,21900,1095004,13,1226,1263,1246,10.015584,6537,49,4945,21679
219,22000,1100000,13,1216,1262,1248,10.031763,6465,48,4996,21641
220,22100,1105042,13,1227,1264,1250,10.047941,6667,50,5042,22144
221,22200,1110026,13,1236,1263,1251,10.056031,6543,49,4984,21745
222,22300,1115070,13,1214,1263,1248,10.031763,6581,49,5044,22043
223,22400,1120054,13,1228,1262,1246,10.015584,6546,49,4984,21745
224,22500,1125006,13,1221,1260,1247,10.023673,6454,48,4952,21574
225,22600,1130000,13,1222,1264,1245,10.007495,6543,49,4994,21745
226,22700,1135000,13,1229,1263,1249,10.039852,6561,49,5000,21812
227,22800,1140059,13,1224,1262,1248,10.031763,6672,50,5059,22144
228,22900,1145042,13,1221,1261,1248,10.031763,6550,49,4983,21745
229,23000,1150000,13,1224,1264,1248,10.031763,6537,49,4958,21679
230,23100,1155000,13,1225,1263,1248,10.031763,6553,49,5000,21745
231,23200,1160000,13,1225,1264,1248,10.031763,6559,49,5000,21745
232,23300,1165000,13,1223,1262,1250,10.047941,6543,49,5000,21745
233,23400,1170000,13,1226,1263,1246,10.015584,6556,49,5000,21745
234,23500,1175000,13,1228,1264,1250,10.047941,6467,48,5000,21641
235,23600,1180000,13,1213,1263,1248,10.031763,6556,49,5000,21745
236,23700,1185000,13,1224,1262,1247,10.023673,6552,49,5000,21745
237,23800,1190062,13,1231,1261,1250,10.047941,6597,49,5062,22043
238,23900,1195069,13,1228,1262,1248,10.031763,6563,49,5007,21812
239,24000,1200059,13,1240,1262,1250,10.047941,6546,49,4990,21745
240,24100,1205060,12,1222,1262,1247,10.023673,6559,49,5001,21745
241,24200,1210000,12,1228,1264,1248,10.031763,6436,48,4940,21507
242,24300,1215000,12,1229,1263,1251,10.056031,6536,49,5000,21679
243,24400,1220000,12,1225,1263,1249,10.039852,6551,49,5000,21745
244,24500,1225000,12,1230,1263,1248,10.031763,6561,49,5000,21812
245,24600,1230026,12,1223,1261,1248,10.031763,6569,49,5026,21976
246,24700,1235000,12,1222,1261,1246,10.015584,6531,49,4974,21679
247,24800,1240000,12,1223,1263,1247,10.023673,6578,49,5000,21976
248,24900,1245000,12,1223,1263,1250,10.047941,6537,49,5000,21679
249,25000,1250000,12,1219,1258,1245,10.007495,6552,49,5000,21745
250,25100,1255043,12,1220,1262,1246,10.015584,6682,50,5043,22211
251,25200,1260046,12,1232,1262,1251,10.056031,6552,49,5003,21745
252,25300,1265047,12,1224,1262,1252,10.064120,6552,49,5001,21745
253,25400,1270010,12,1227,1262,1249,10.039852,6532,49,4963,21679
254,25500,1275030,12,1221,1262,1245,10.007495,6564,49,5020,21812
255,25600,1280000,12,1226,1259,1247,10.023673,6535,49,4970,21679
256,25700,1285060,12,1223,1262,1248,10.031763,6687,50,5060,22211
257,25800,1290000,12,1216,1261,1243,9.991316,6428,48,4940,21346
258,25900,1295067,12,1227,1262,1253,10.072209,6684,50,5067,22211
259,26000,1300000,12,1222,1262,1246,10.015584,6426,48,4933,21346
260,26100,1305047,12,1224,1261,1249,10.039852,6674,50,5047,22144
261,26200,1310046,12,1223,1262,1250,10.047941,6553,49,4999,21745
262,26300,1315045,12,1225,1261,1250,10.047941,6553,49,4999,21745
263,26400,1320052,12,1216,1262,1246,10.015584,6564,49,5007,21812
264,26500,1325028,12,1222,1264,1245,10.007495,6460,48,4976,21641
265,26600,1330044,12,1221,1263,1248,10.031763,6556,49,5016,21745
266,26700,1335060,12,1224,1262,1247,10.023673,6567,49,5016,21976
267,26800,1340049,12,1215,1264,1249,10.039852,6545,49,4989,21745
268,26900,1345027,12,1223,1263,1250,10.047941,6546,49,4978,21745
269,27000,1350045,12,1225,1262,1248,10.031763,6554,49,5018,21745
270,27100,1355006,11,1228,1260,1251,10.056031,6541,49,4961,21745
271,27200,1360000,11,1226,1264,1250,10.047941,6455,48,4994,21574
272,27300,1365000,11,1224,1263,1248,10.031763,6560,49,5000,21812
273,27400,1370000,11,1230,1261,1247,10.023673,6548,49,5000,21745
274,27500,1375000,11,1219,1262,1248,10.031763,6553,49,5000,21745
275,27600,1380000,11,1223,1262,1249,10.039852,6562,49,5000,21812
276,27700,1385000,11,1224,1262,1245,10.007495,6545,49,5000,21745
277,27800,1390026,11,1215,1262,1245,10.007495,6570,49,5026,21976
278,27900,1395023,11,1221,1263,1249,10.039852,6557,49,4997,21745
279,28000,1400033,11,1224,1262,1246,10.015584,6564,49,5010,21812
280,28100,1405000,11,1222,1262,1248,10.031763,6443,48,4967,21574
281,28200,1410021,11,1229,1263,1250,10.047941,6577,49,5021,21976
282,28300,1415038,11,1224,1263,1247,10.023673,6560,49,5017,21812
283,28400,1420070,11,1214,1262,1248,10.031763,6572,49,5032,21976
284,28500,1425050,11,1224,1262,1246,10.015584,6536,49,4980,21679
285,28600,1430008,11,1223,1264,1249,10.039852,6533,49,4958,21679
286,28700,1435000,11,1225,1262,1246,10.015584,6543,49,4992,21745
287,28800,1440022,11,1221,1261,1247,10.023673,6655,50,5022,22078
288,28900,1445000,11,1225,1261,1248,10.031763,6540,49,4978,21745
289,29000,1450000,11,1231,1264,1251,10.056031,6556,49,5000,21745
290,29100,1455000,11,1223,1262,1248,10.031763,6560,49,5000,21812
291,29200,1460066,11,1221,1263,1249,10.039852,6583,49,5066,22043
292,29300,1465000,11,1224,1263,1247,10.023673,6425,48,4934,21346
293,29400,1470049,11,1224,1261,1250,10.047941,6678,50,5049,22144
294,29500,1475024,11,1225,1259,1243,9.991316,6541,49,4975,21745
295,29600,1480044,11,1218,1263,1246,10.015584,6568,49,5020,21976
296,29700,1485015,11,1225,1262,1251,10.056031,6544,49,4971,21745
297,29800,1490000,11,1227,1261,1249,10.039852,6536,49,4985,21679
298,29900,1495021,11,1221,1265,1249,10.039852,6573,49,5021,21976
299,30000,1500000,11,1224,1263,1252,10.064120,6542,49,4979,21745
300,30100,1505047,10,1225,1260,1248,10.031763,6674,50,5047,22144
301,30200,1510018,10,1224,1263,1249,10.039852,6535,49,4971,21679
302,30300,1515049,10,1226,1261,1250,10.047941,6577,49,5031,21976
303,30400,1520066,10,1226,1263,1248,10.031763,6565,49,5017,21812
304,30500,1525038,10,1222,1262,1247,10.023673,6449,48,4972,21574
305,30600,1530025,10,1225,1260,1248,10.031763,6541,49,4987,21745
306,30700,1535000,10,1223,1262,1245,10.007495,6537,49,4975,21679
307,30800,1540000,10,1224,1262,1247,10.023673,6551,49,5000,21745
308,30900,1545000,10,1227,1265,1250,10.047941,6566,49,5000,21976
309,31000,1550067,10,1217,1257,1245,10.007495,6682,50,5067,22211
310,31100,1555000,10,1223,1261,1247,10.023673,6434,48,4933,21507
311,31200,1560000,10,1221,1263,1245,10.007495,6560,49,5000,21812
312,31300,1565001,10,1238,1263,1252,10.064120,6557,49,5001,21745
313,31400,1570067,10,1219,1260,1243,9.991316,6665,50,5066,22144
314,31500,1575000,10,1221,1262,1247,10.023673,6415,48,4933,21280
315,31600,1580067,10,1215,1262,1251,10.056031,6692,50,5067,22211
316,31700,1585044,10,1232,1263,1251,10.056031,6540,49,4977,21745
317,31800,1590021,10,1222,1262,1248,10.031763,6546,49,4977,21745
318,31900,1595044,10,1228,1262,1250,10.047941,6563,49,5023,21812
319,32000,1600010,10,1224,1257,1245,10.007495,6458,48,4966,21574
320,32100,1605000,10,1228,1263,1249,10.039852,6552,49,4990,21745
321,32200,1610000,10,1222,1261,1247,10.023673,6545,49,5000,21745
322,32300,1615000,10,1218,1263,1245,10.007495,6547,49,5000,21745
323,32400,1620000,10,1224,1262,1248,10.031763,6556,49,5000,21745
324,32500,1625033,10,1216,1263,1246,10.015584,6673,50,5033,22144
325,32600,1630020,10,1223,1261,1249,10.039852,6545,49,4987,21745
326,32700,1635057,10,1225,1261,1249,10.039852,6660,50,5037,22144
327,32800,1640067,10,1224,1262,1246,10.015584,6559,49,5010,21745
328,32900,1645023,10,1221,1263,1247,10.023673,6526,49,4956,21679
329,33000,1650000,10,1222,1263,1243,9.991316,6525,49,4977,21679
330,33100,1655042,9,1220,1262,1245,10.007495,6673,50,5042,22144
331,33200,1660060,9,1223,1262,1250,10.047941,6569,49,5018,21976
332,33300,1665042,9,1221,1262,1246,10.015584,6464,48,4982,21641
333,33400,1670015,9,1233,1262,1251,10.056031,6552,49,4973,21745
334,33500,1675002,9,1221,1262,1248,10.031763,6555,49,4987,21745
335,33600,1680054,9,1227,1262,1247,10.023673,6657,50,5052,22078
336,33700,1685000,9,1224,1262,1245,10.007495,6428,48,4946,21346
337,33800,1690034,9,1224,1261,1248,10.031763,6654,50,5034,22078
338,33900,1695018,9,1225,1263,1248,10.031763,6542,49,4984,21745
339,34000,1700036,9,1223,1261,1247,10.023673,6560,49,5018,21812
340,34100,1705027,9,1229,1261,1251,10.056031,6552,49,4991,21745
341,34200,1710060,9,1233,1261,1247,10.023673,6657,50,5033,22078
342,34300,1715051,9,1223,1262,1248,10.031763,6550,49,4991,21745
343,34400,1720000,9,1233,1263,1251,10.056031,6444,48,4949,21574
344,34500,1725000,9,1216,1262,1246,10.015584,6552,49,5000,21745
345,34600,1730067,9,1223,1261,1250,10.047941,6669,50,5067,22144
346,34700,1735000,9,1221,1261,1244,9.999405,6505,49,4933,21450
347,34800,1740058,9,1224,1262,1248,10.031763,6678,50,5058,22144
348,34900,1745000,9,1224,1260,1245,10.007495,6429,48,4942,21346
349,35000,1750000,9,1231,1263,1251,10.056031,6571,49,5000,21976
350,35100,1755023,9,1218,1262,1247,10.023673,6654,50,5023,22078
351,35200,1760000,9,1217,1263,1246,10.015584,6530,49,4977,21679
352,35300,1765059,9,1231,1262,1249,10.039852,6679,50,5059,22144
353,35400,1770000,9,1223,1263,1246,10.015584,6430,48,4941,21346
354,35500,1775034,9,1224,1262,1247,10.023673,6666,50,5034,22144
355,35600,1780000,9,1221,1261,1245,10.007495,6539,49,4966,21679
356,35700,1785000,9,1222,1262,1247,10.023673,6543,49,5000,21745
357,35800,1790066,9,1219,1262,1249,10.039852,6671,50,5066,22144
358,35900,1795048,9,1220,1261,1245,10.007495,6545,49,4982,21745
359,36000,1800000,9,1234,1263,1250,10.047941,6522,49,4952,21679
360,36100,1805000,8,1222,1262,1248,10.031763,6554,49,5000,21745
361,36200,1810008,8,1226,1262,1252,10.064120,6642,50,5008,21912
362,36300,1815014,8,1222,1260,1247,10.023673,6548,49,5006,21745
363,36400,1820028,8,1216,1262,1247,10.023673,6566,49,5014,21976
364,36500,1825065,8,1222,1262,1247,10.023673,6654,50,5037,22078
365,36600,1830063,8,1233,1262,1251,10.056031,6545,49,4998,21745
366,36700,1835000,8,1220,1262,1246,10.015584,6419,48,4937,21280
367,36800,1840000,8,1222,1262,1248,10.031763,6558,49,5000,21745
368,36900,1845000,8,1222,1262,1247,10.023673,6546,49,5000,21745
369,37000,1850030,8,1230,1264,1250,10.047941,6576,49,5030,21976
370,37100,1855036,8,1224,1263,1246,10.015584,6560,49,5006,21812
371,37200,1860027,8,1222,1263,1250,10.047941,6545,49,4991,21745
372,37300,1865034,8,1225,1262,1248,10.031763,6560,49,5007,21812
373,37400,1870000,8,1224,1263,1247,10.023673,6530,49,4966,21679
374,37500,1875018,8,1219,1262,1249,10.039852,6650,50,5018,22078
375,37600,1880024,8,1223,1263,1247,10.023673,6556,49,5006,21745
376,37700,1885011,8,1224,1262,1249,10.039852,6545,49,4987,21745
377,37800,1890000,8,1221,1262,1248,10.031763,6548,49,4989,21745
378,37900,1895000,8,1221,1265,1248,10.031763,6531,49,5000,21679
379,38000,1900000,8,1224,1264,1247,10.023673,6564,49,5000,21812
380,38100,1905064,8,1223,1264,1246,10.015584,6660,50,5064,22144
381,38200,1910038,8,1222,1262,1251,10.056031,6550,49,4974,21745
382,38300,1915015,8,1223,1262,1247,10.023673,6537,49,4977,21679
383,38400,1920000,8,1226,1262,1248,10.031763,6469,48,4985,21641
384,38500,1925059,8,1221,1262,1248,10.031763,6665,50,5059,22144
385,38600,1930000,8,1227,1264,1248,10.031763,6520,49,4941,21679
386,38700,1935007,8,1216,1262,1245,10.007495,6654,50,5007,22078
387,38800,1940064,8,1221,1261,1248,10.031763,6659,50,5057,22078
388,38900,1945056,8,1223,1264,1249,10.039852,6542,49,4992,21745
389,39000,1950067,8,1221,1265,1246,10.015584,6557,49,5011,21745
390,39100,1955054,7,1222,1263,1249,10.039852,6546,49,4987,21745
391,39200,1960054,7,1228,1260,1245,10.007495,6554,49,5000,21745
392,39300,1965016,7,1224,1263,1249,10.039852,6544,49,4962,21745
393,39400,1970000,7,1220,1261,1246,10.015584,6542,49,4984,21745
394,39500,1975056,7,1224,1260,1248,10.031763,6660,50,5056,22144
395,39600,1980036,7,1223,1263,1248,10.031763,6544,49,4980,21745
396,39700,1985000,7,1217,1262,1246,10.015584,6522,49,4964,21679
397,39800,1990000,7,1223,1262,1246,10.015584,6561,49,5000,21812
398,39900,1995061,7,1215,1262,1246,10.015584,6678,50,5061,22144
399,40000,2000000,7,1224,1263,1250,10.047941,6419,48,4939,21280
400,40100,2005002,7,1225,1262,1248,10.031763,6571,49,5002,21976
401,40200,2010006,7,1221,1264,1252,10.064120,6559,49,5004,21745
402,40300,2015000,7,1232,1261,1249,10.039852,6539,49,4994,21679
403,40400,2020061,7,1215,1264,1250,10.047941,6682,50,5061,22211
404,40500,2025022,7,1226,1263,1249,10.039852,6536,49,4961,21679
405,40600,2030022,7,1227,1262,1249,10.039852,6551,49,5000,21745
406,40700,2035031,7,1221,1263,1251,10.056031,6558,49,5009,21745
407,40800,2040031,7,1216,1262,1246,10.015584,6547,49,5000,21745
408,40900,2045030,7,1213,1262,1246,10.015584,6550,49,4999,21745
409,41000,2050000,7,1229,1265,1248,10.031763,6538,49,4970,21679
410,41100,2055000,7,1223,1263,1246,10.015584,6557,49,5000,21745
411,41200,2060064,7,1221,1262,1250,10.047941,6655,50,5064,22078
412,41300,2065057,7,1226,1261,1250,10.047941,6545,49,4993,21745
413,41400,2070063,7,1221,1263,1247,10.023673,6550,49,5006,21745
414,41500,2075046,7,1231,1263,1252,10.064120,6540,49,4983,21745
415,41600,2080000,7,1222,1263,1248,10.031763,6432,48,4954,21507
416,41700,2085060,7,1222,1261,1244,9.999405,6675,50,5060,22144
417,41800,2090039,7,1222,1263,1247,10.023673,6534,49,4979,21679
418,41900,2095021,7,1234,1264,1252,10.064120,6542,49,4982,21745
419,42000,2100000,7,1222,1263,1249,10.039852,6537,49,4979,21679
420,42100,2105000,6,1224,1261,1245,10.007495,6555,49,5000,21745
421,42200,2110000,6,1223,1265,1254,10.080299,6647,50,5000,21912
422,42300,2115064,6,1222,1264,1251,10.056031,6655,50,5064,22078
423,42400,2120051,6,1222,1263,1250,10.047941,6551,49,4987,21745
424,42500,2125040,6,1226,1262,1249,10.039852,6537,49,4989,21679
425,42600,2130022,6,1216,1263,1250,10.047941,6548,49,4982,21745
426,42700,2135002,6,1224,1263,1247,10.023673,6536,49,4980,21679
427,42800,2140000,6,1224,1263,1249,10.039852,6561,49,4998,21812
428,42900,2145000,6,1215,1260,1242,9.983227,6542,49,5000,21745
429,43000,2150026,6,1227,1262,1250,10.047941,6658,50,5026,22078
430,43100,2155004,6,1224,1265,1250,10.047941,6546,49,4978,21745
431,43200,2160016,6,1226,1262,1248,10.031763,6554,49,5012,21745
432,43300,2165037,6,1215,1264,1247,10.023673,6551,49,5021,21745
433,43400,2170016,6,1240,1263,1254,10.080299,6540,49,4979,21745
434,43500,2175000,6,1227,1263,1246,10.015584,6529,49,4984,21679
435,43600,2180002,6,1224,1264,1249,10.039852,6570,49,5002,21976
436,43700,2185010,6,1238,1263,1250,10.047941,6644,50,5008,21912
437,43800,2190039,6,1221,1263,1250,10.047941,6663,50,5029,22144
438,43900,2195047,6,1226,1262,1248,10.031763,6558,49,5008,21745
439,44000,2200064,6,1226,1262,1251,10.056031,6564,49,5017,21812
440,44100,2205002,6,1223,1263,1249,10.039852,6531,49,4938,21679
441,44200,2210000,6,1221,1262,1244,9.999405,6537,49,4998,21679
442,44300,2215000,6,1223,1263,1247,10.023673,6557,49,5000,21745
443,44400,2220000,6,1216,1263,1246,10.015584,6534,49,5000,21679
444,44500,2225046,6,1223,1261,1247,10.023673,6678,50,5046,22144
445,44600,2230000,6,1225,1262,1247,10.023673,6530,49,4954,21679
446,44700,2235047,6,1227,1260,1250,10.047941,6585,49,5047,22043
447,44800,2240000,6,1227,1262,1249,10.039852,6527,49,4953,21679
448,44900,2245060,6,1225,1262,1247,10.023673,6664,50,5060,22144
449,45000,2250008,6,1216,1263,1246,10.015584,6524,49,4948,21679
450,45100,2255047,5,1221,1262,1244,9.999405,6653,50,5039,22078
451,45200,2260054,5,1223,1261,1249,10.039852,6555,49,5007,21745
452,45300,2265036,5,1219,1263,1247,10.023673,6537,49,4982,21679
453,45400,2270050,5,1236,1263,1251,10.056031,6553,49,5014,21745
454,45500,2275000,5,1223,1263,1249,10.039852,6529,49,4950,21679
455,45600,2280002,5,1231,1261,1249,10.039852,6550,49,5002,21745
456,45700,2285000,5,1223,1264,1249,10.039852,6550,49,4998,21745
457,45800,2290000,5,1217,1261,1246,10.015584,6542,49,5000,21745
458,45900,2295052,5,1225,1262,1248,10.031763,6665,50,5052,22144
459,46000,2300036,5,1226,1263,1251,10.056031,6539,49,4984,21679
460,46100,2305000,5,1224,1262,1245,10.007495,6512,49,4964,21450
461,46200,2310029,5,1225,1263,1247,10.023673,6653,50,5029,22078
462,46300,2315000,5,1216,1264,1249,10.039852,6521,49,4971,21679
463,46400,2320000,5,1222,1262,1248,10.031763,6534,49,5000,21679
464,46500,2325046,5,1223,1263,1249,10.039852,6664,50,5046,22144
465,46600,2330000,5,1225,1263,1253,10.072209,6511,49,4954,21450
466,46700,2335018,5,1227,1262,1248,10.031763,6654,50,5018,22078
467,46800,2340045,5,1240,1264,1254,10.080299,6638,50,5027,21846
468,46900,2345066,5,1222,1263,1249,10.039852,6644,50,5021,21912
469,47000,2350000,5,1243,1264,1250,10.047941,6527,49,4934,21679
470,47100,2355037,5,1231,1262,1247,10.023673,6650,50,5037,22078
471,47200,2360032,5,1215,1263,1251,10.056031,6553,49,4995,21745
472,47300,2365000,5,1223,1259,1246,10.015584,6534,49,4968,21679
473,47400,2370000,5,1223,1262,1251,10.056031,6534,49,5000,21679
474,47500,2375000,5,1223,1263,1248,10.031763,6635,50,5000,21846
475,47600,2380052,5,1224,1262,1247,10.023673,6662,50,5052,22144
476,47700,2385024,5,1218,1263,1249,10.039852,6537,49,4972,21679
477,47800,2390000,5,1221,1263,1244,9.999405,6527,49,4976,21679
478,47900,2395064,5,1228,1261,1250,10.047941,6670,50,5064,22144
479,48000,2400067,5,1216,1263,1248,10.031763,6557,49,5003,21745
# host_gate_result=FAIL,failure_count=2
