# run_id=0x25090601,profile_id=0x1405,algorithm_id=0x0016,out_sha256=D10284938BE15DEA5772DF8595F064E40321B2BF26898CED382DE0ABD2C3A8CD
# data_checksum=0xdd05003,count=400,overflow=0
# scope=supplemental_monotonic_16_level_map,scheduled_cr_not_independently_measured=true
bin,t_end_ms_nominal,t_end_target_ticks,scheduled_cr_ohm,raw_min,raw_max,raw_avg,vout_avg_v,cycle_sum,packet_sum,tick_delta,demand_index
0,200,10008,20,1221,1263,1249,10.039852,13024,98,10008,21450
1,400,19960,20,1230,1262,1251,10.056031,12901,97,9952,21413
2,600,29960,20,1225,1262,1248,10.031763,12994,98,10000,21384
3,800,39960,20,1224,1264,1249,10.039852,12918,97,10000,21413
4,1000,49982,20,1221,1263,1250,10.047941,13101,99,10022,21582
5,1200,60008,20,1221,1263,1248,10.031763,13017,98,10026,21450
6,1400,69960,20,1218,1263,1248,10.031763,12878,97,9952,21186
7,1600,79960,20,1227,1263,1248,10.031763,13018,98,10000,21450
8,1800,89960,20,1223,1263,1250,10.047941,12910,97,10000,21413
9,2000,100014,20,1224,1263,1248,10.031763,13130,99,10054,21648
10,2200,110012,20,1224,1263,1249,10.039852,12991,98,9998,21384
11,2400,119960,20,1221,1263,1247,10.023673,12969,98,9948,21384
12,2600,129986,20,1213,1263,1249,10.039852,13013,98,10026,21450
13,2800,139960,20,1221,1263,1246,10.015584,12984,98,9974,21384
14,3000,149992,20,1221,1263,1248,10.031763,13026,98,10032,21450
15,3200,159960,20,1225,1262,1248,10.031763,12969,98,9968,21384
16,3400,169960,20,1213,1264,1247,10.023673,12900,97,10000,21252
17,3600,179976,20,1218,1264,1249,10.039852,13024,98,10016,21450
18,3800,190016,20,1222,1262,1249,10.039852,13102,99,10040,21582
19,4000,199960,20,1223,1262,1248,10.031763,12866,97,9944,21186
20,4200,210017,20,1224,1264,1247,10.023673,13125,99,10057,21648
21,4400,220005,20,1221,1263,1247,10.023673,12986,98,9988,21384
22,4600,230005,20,1221,1264,1247,10.023673,12986,98,10000,21384
23,4800,239960,20,1221,1263,1248,10.031763,12875,97,9955,21186
24,5000,249960,20,1224,1263,1247,10.023673,12996,98,10000,21384
25,5200,259960,19,1219,1264,1247,10.023673,12996,98,10000,21384
26,5400,269994,19,1216,1263,1248,10.031763,13056,98,10034,21679
27,5600,279965,19,1221,1263,1249,10.039852,12997,98,9971,21384
28,5800,290011,19,1222,1264,1246,10.015584,13031,98,10046,21450
29,6000,300027,19,1225,1265,1250,10.047941,13019,98,10016,21450
30,6200,309960,19,1221,1263,1250,10.047941,12874,97,9933,21186
31,6400,319960,19,1216,1263,1246,10.015584,13081,99,10000,21582
32,6600,329960,19,1225,1263,1249,10.039852,12902,97,10000,21413
33,6800,339960,19,1221,1262,1248,10.031763,13007,98,10000,21450
34,7000,349972,19,1225,1263,1249,10.039852,13021,98,10012,21450
35,7200,359963,19,1222,1263,1245,10.007495,12983,98,9991,21384
36,7400,369963,19,1225,1263,1249,10.039852,12990,98,10000,21384
37,7600,379968,19,1227,1262,1251,10.056031,12999,98,10005,21384
38,7800,389964,19,1225,1262,1246,10.015584,12994,98,9996,21384
39,8000,399968,19,1221,1263,1250,10.047941,13008,98,10004,21450
40,8200,410026,19,1221,1264,1248,10.031763,13028,98,10058,21450
41,8400,419960,19,1221,1263,1247,10.023673,12863,97,9934,21186
42,8600,430008,19,1217,1263,1247,10.023673,13121,99,10048,21648
43,8800,439964,19,1226,1263,1248,10.031763,12963,98,9956,21384
44,9000,449992,19,1223,1263,1249,10.039852,13010,98,10028,21450
45,9200,459972,19,1222,1263,1250,10.047941,12987,98,9980,21384
46,9400,470026,19,1221,1264,1248,10.031763,13108,99,10054,21582
47,9600,480027,19,1221,1263,1249,10.039852,13015,98,10001,21450
48,9800,489965,19,1226,1263,1250,10.047941,12971,98,9938,21384
49,10000,499965,19,1228,1262,1249,10.039852,13006,98,10000,21450
50,10200,509973,18,1223,1262,1249,10.039852,12998,98,10008,21384
51,10400,519960,18,1224,1263,1248,10.031763,12969,98,9987,21384
52,10600,529960,18,1224,1263,1249,10.039852,12979,98,10000,21384
53,10800,539960,18,1222,1265,1248,10.031763,12982,98,10000,21384
54,11000,550000,18,1224,1262,1248,10.031763,13116,99,10040,21582
55,11200,559978,18,1215,1262,1248,10.031763,12975,98,9978,21384
56,11400,569960,18,1223,1264,1247,10.023673,12980,98,9982,21384
57,11600,579982,18,1226,1262,1249,10.039852,13094,99,10022,21582
58,11800,589977,18,1222,1263,1245,10.007495,13083,99,9995,21582
59,12000,599960,18,1222,1263,1248,10.031763,12901,97,9983,21413
60,12200,609960,18,1223,1263,1248,10.031763,13019,98,10000,21450
61,12400,619982,18,1225,1263,1247,10.023673,13111,99,10022,21582
62,12600,630024,18,1223,1263,1247,10.023673,13099,99,10042,21582
63,12800,639992,18,1214,1263,1245,10.007495,12965,98,9968,21384
64,13000,649960,18,1217,1264,1248,10.031763,12966,98,9968,21384
65,13200,659970,18,1222,1263,1249,10.039852,13080,99,10010,21582
66,13400,669960,18,1221,1262,1247,10.023673,12994,98,9990,21384
67,13600,679975,18,1228,1262,1251,10.056031,13016,98,10015,21450
68,13800,689962,18,1222,1265,1249,10.039852,13001,98,9987,21450
69,14000,699960,18,1222,1263,1250,10.047941,12992,98,9998,21384
70,14200,709960,18,1214,1262,1247,10.023673,12992,98,10000,21384
71,14400,719963,18,1221,1264,1247,10.023673,12996,98,10003,21384
72,14600,729960,18,1222,1263,1248,10.031763,13062,99,9997,21353
73,14800,739966,18,1223,1263,1248,10.031763,13069,99,10006,21516
74,15000,749960,18,1222,1264,1247,10.023673,12956,98,9994,21318
75,15200,759968,17,1223,1262,1249,10.039852,13024,98,10008,21450
76,15400,769960,17,1225,1263,1248,10.031763,12975,98,9992,21384
77,15600,780016,17,1221,1260,1245,10.007495,13123,99,10056,21648
78,15800,789994,17,1218,1264,1247,10.023673,12894,97,9978,21252
79,16000,799974,17,1223,1263,1248,10.031763,12965,98,9980,21384
80,16200,810014,17,1221,1264,1247,10.023673,13010,98,10040,21450
81,16400,819960,17,1225,1264,1248,10.031763,12961,98,9946,21384
82,16600,829960,17,1221,1264,1247,10.023673,13091,99,10000,21582
83,16800,840007,17,1226,1263,1250,10.047941,13097,99,10047,21582
84,17000,850025,17,1216,1263,1247,10.023673,13006,98,10018,21450
85,17200,860025,17,1215,1264,1247,10.023673,12971,98,10000,21384
86,17400,870000,17,1215,1263,1247,10.023673,12978,98,9975,21384
87,17600,880024,17,1227,1263,1249,10.039852,13097,99,10024,21582
88,17800,890025,17,1226,1264,1250,10.047941,12988,98,10001,21384
89,18000,899986,17,1223,1264,1249,10.039852,12903,97,9961,21413
90,18200,910016,17,1221,1262,1247,10.023673,13099,99,10030,21582
91,18400,920014,17,1215,1263,1248,10.031763,12980,98,9998,21384
92,18600,929960,17,1222,1264,1249,10.039852,12958,98,9946,21318
93,18800,939980,17,1224,1262,1248,10.031763,13073,99,10020,21516
94,19000,949960,17,1216,1263,1247,10.023673,12950,98,9980,21318
95,19200,959975,17,1223,1262,1246,10.015584,13080,99,10015,21582
96,19400,969995,17,1221,1263,1246,10.015584,13078,99,10020,21516
97,19600,980026,17,1218,1262,1248,10.031763,13010,98,10031,21450
98,19800,989960,17,1223,1263,1248,10.031763,12972,98,9934,21384
99,20000,999960,17,1219,1263,1246,10.015584,12993,98,10000,21384
100,20200,1010009,16,1225,1263,1248,10.031763,13157,99,10049,21648
101,20400,1020008,16,1230,1263,1250,10.047941,13150,99,9999,21648
102,20600,1029998,16,1222,1262,1245,10.007495,13110,98,9990,21745
103,20800,1039987,16,1219,1263,1248,10.031763,13050,97,9989,21842
104,21000,1050020,16,1216,1263,1248,10.031763,13076,97,10033,21842
105,21200,1059960,16,1215,1263,1247,10.023673,13042,97,9940,21842
106,21400,1069994,16,1223,1263,1249,10.039852,13221,98,10034,22110
107,21600,1079960,16,1218,1263,1248,10.031763,13000,96,9966,21937
108,21800,1090008,16,1221,1262,1248,10.031763,13248,98,10048,22342
109,22000,1099966,16,1223,1262,1248,10.031763,13019,96,9958,21937
110,22200,1109960,16,1221,1263,1249,10.039852,13040,96,9994,22005
111,22400,1120001,16,1232,1263,1251,10.056031,13186,97,10041,22207
112,22600,1129960,16,1221,1261,1247,10.023673,13039,96,9959,21937
113,22800,1140000,16,1217,1263,1248,10.031763,13169,97,10040,22207
114,23000,1150007,16,1223,1264,1249,10.039852,13074,96,10007,22168
115,23200,1159960,16,1223,1263,1250,10.047941,13038,96,9953,21937
116,23400,1169978,16,1217,1264,1250,10.047941,13087,96,10018,22236
117,23600,1179977,16,1224,1263,1251,10.056031,13158,97,9999,22140
118,23800,1189960,16,1218,1262,1247,10.023673,13076,96,9983,22168
119,24000,1199990,16,1217,1263,1247,10.023673,13194,97,10030,22372
120,24200,1209970,16,1222,1263,1249,10.039852,13161,97,9980,22207
121,24400,1220007,16,1216,1263,1247,10.023673,13191,97,10037,22207
122,24600,1229979,16,1216,1263,1249,10.039852,13072,96,9972,22168
123,24800,1240017,16,1218,1263,1248,10.031763,13184,97,10038,22207
124,25000,1249960,16,1224,1263,1249,10.039852,13134,97,9943,22140
125,25200,1259992,15,1218,1264,1248,10.031763,13190,97,10032,22207
126,25400,1270005,15,1216,1262,1249,10.039852,13185,97,10013,22207
127,25600,1279969,15,1221,1261,1248,10.031763,13074,96,9964,22168
128,25800,1290020,15,1221,1264,1252,10.064120,13193,97,10051,22372
129,26000,1299967,15,1223,1263,1250,10.047941,13070,96,9947,22168
130,26200,1309963,15,1225,1264,1251,10.056031,13079,96,9996,22168
131,26400,1319960,15,1219,1263,1248,10.031763,13065,96,9997,22168
132,26600,1329972,15,1228,1263,1252,10.064120,13166,97,10012,22207
133,26800,1340000,15,1218,1263,1249,10.039852,13183,97,10028,22207
134,27000,1349985,15,1222,1263,1246,10.015584,13174,97,9985,22207
135,27200,1359994,15,1220,1263,1249,10.039852,13090,96,10009,22236
136,27400,1370011,15,1228,1262,1250,10.047941,13174,97,10017,22207
137,27600,1379960,15,1226,1263,1249,10.039852,12977,95,9949,22032
138,27800,1389965,15,1226,1264,1251,10.056031,13195,97,10005,22372
139,28000,1400000,15,1221,1262,1249,10.039852,13185,97,10035,22207
140,28200,1410024,15,1221,1262,1249,10.039852,13254,98,10024,22342
141,28400,1419960,15,1218,1265,1249,10.039852,13047,96,9936,22005
142,28600,1429963,15,1226,1262,1250,10.047941,13176,97,10003,22207
143,28800,1439995,15,1219,1263,1248,10.031763,13173,97,10032,22207
144,29000,1449960,15,1225,1263,1252,10.064120,13061,96,9965,22168
145,29200,1460010,15,1227,1262,1251,10.056031,13205,97,10050,22440
146,29400,1470027,15,1216,1263,1250,10.047941,13085,96,10017,22236
147,29600,1479960,15,1224,1263,1250,10.047941,13129,97,9933,22140
148,29800,1489997,15,1221,1265,1248,10.031763,13199,97,10037,22372
149,30000,1499995,15,1222,1262,1247,10.023673,13266,98,9998,22342
150,30200,1509975,14,1221,1264,1251,10.056031,13078,96,9980,22168
151,30400,1520002,14,1222,1262,1249,10.039852,13186,97,10027,22207
152,30600,1529984,14,1221,1262,1250,10.047941,13082,96,9982,22236
153,30800,1540001,14,1222,1264,1250,10.047941,13183,97,10017,22207
154,31000,1550004,14,1217,1262,1248,10.031763,13175,97,10003,22207
155,31200,1559960,14,1221,1263,1249,10.039852,13062,96,9956,22168
156,31400,1570005,14,1224,1262,1248,10.031763,13193,97,10045,22372
157,31600,1579960,14,1222,1265,1247,10.023673,12879,94,9955,21988
158,31800,1589960,14,1224,1263,1250,10.047941,13177,97,10000,22207
159,32000,1599960,14,1223,1263,1249,10.039852,13169,97,10000,22207
160,32200,1610010,14,1213,1263,1246,10.015584,13200,97,10050,22440
161,32400,1619992,14,1218,1262,1250,10.047941,13086,96,9982,22236
162,32600,1629979,14,1219,1263,1249,10.039852,13077,96,9987,22168
163,32800,1640023,14,1215,1262,1246,10.015584,13268,98,10044,22342
164,33000,1650014,14,1228,1263,1250,10.047941,13164,97,9991,22207
165,33200,1659960,14,1217,1263,1248,10.031763,12962,95,9946,22032
166,33400,1670008,14,1215,1263,1247,10.023673,13369,99,10048,22545
167,33600,1680003,14,1218,1263,1248,10.031763,13177,97,9995,22207
168,33800,1689980,14,1230,1263,1251,10.056031,13062,96,9977,22168
169,34000,1699960,14,1218,1263,1247,10.023673,13064,96,9980,22168
170,34200,1709960,14,1215,1263,1247,10.023673,13161,97,10000,22207
171,34400,1719960,14,1221,1263,1248,10.031763,13156,97,10000,22140
172,34600,1729983,14,1218,1263,1248,10.031763,13196,97,10023,22372
173,34800,1739960,14,1217,1262,1247,10.023673,13138,97,9977,22140
174,35000,1749981,14,1216,1264,1251,10.056031,13186,97,10021,22207
175,35200,1759976,13,1220,1263,1248,10.031763,13092,96,9995,22236
176,35400,1769982,13,1222,1262,1246,10.015584,13215,97,10006,22440
177,35600,1780019,13,1218,1263,1250,10.047941,13159,96,10037,22468
178,35800,1790005,13,1223,1263,1248,10.031763,13152,96,9986,22468
179,36000,1800010,13,1224,1261,1248,10.031763,13178,96,10005,22536
180,36200,1809963,13,1220,1264,1250,10.047941,13034,94,9953,22425
181,36400,1819960,13,1225,1264,1251,10.056031,13055,94,9997,22494
182,36600,1829971,13,1223,1265,1250,10.047941,13185,94,10011,23030
183,36800,1839963,13,1211,1263,1252,10.064120,13246,94,9992,23170
184,37000,1849997,13,1217,1265,1249,10.039852,13294,94,10034,23406
185,37200,1859960,13,1226,1263,1252,10.064120,13170,93,9963,23194
186,37400,1870019,13,1217,1264,1249,10.039852,13399,94,10059,23714
187,37600,1879985,13,1223,1264,1252,10.064120,13277,93,9966,23501
188,37800,1889987,13,1222,1263,1251,10.056031,13419,94,10002,23785
189,38000,1899960,13,1220,1264,1251,10.056031,13321,93,9973,23809
190,38200,1909986,13,1221,1263,1253,10.072209,13444,94,10026,24024
191,38400,1919960,13,1217,1264,1251,10.056031,13369,93,9974,23881
192,38600,1929974,13,1221,1264,1252,10.064120,13507,94,10014,24095
193,38800,1939962,13,1224,1264,1250,10.047941,13408,93,9988,24120
194,39000,1949960,13,1221,1263,1250,10.047941,13397,93,9998,24048
195,39200,1960022,13,1215,1264,1251,10.056031,13563,94,10062,24408
196,39400,1970028,13,1213,1264,1251,10.056031,13515,94,10006,24095
197,39600,1980032,13,1219,1262,1251,10.056031,13517,94,10004,24095
198,39800,1989967,13,1215,1263,1250,10.047941,13405,93,9935,24120
199,40000,2000023,13,1227,1267,1253,10.072209,13546,94,10056,24336
200,40200,2010004,12,1215,1265,1251,10.056031,13417,93,9981,24120
201,40400,2019960,12,1221,1264,1251,10.056031,13403,93,9956,24120
202,40600,2029987,12,1215,1266,1251,10.056031,13563,94,10027,24408
203,40800,2039960,12,1224,1263,1251,10.056031,13439,93,9973,24120
204,41000,2050017,12,1219,1264,1250,10.047941,13575,94,10057,24408
205,41200,2060009,12,1223,1264,1253,10.072209,13561,94,9992,24408
206,41400,2069967,12,1219,1263,1247,10.023673,13503,93,9958,24432
207,41600,2079973,12,1220,1269,1248,10.031763,13680,94,10006,24795
208,41800,2090012,12,1227,1263,1253,10.072209,13706,94,10039,24795
209,42000,2099960,12,1215,1262,1248,10.031763,13560,93,9948,24577
210,42200,2109960,12,1219,1263,1252,10.064120,13721,94,10000,24867
211,42400,2119960,12,1218,1264,1251,10.056031,13738,94,10000,25039
212,42600,2129971,12,1215,1264,1252,10.064120,13753,94,10011,25039
213,42800,2139989,12,1215,1264,1249,10.039852,13796,94,10018,25112
214,43000,2150009,12,1211,1263,1245,10.007495,13822,94,10020,25357
215,43200,2160029,12,1213,1265,1249,10.039852,13846,94,10020,25431
216,43400,2169972,12,1210,1266,1243,9.991316,13659,92,9943,25234
217,43600,2179983,12,1214,1262,1249,10.039852,13820,93,10011,25530
218,43800,2189979,12,1211,1264,1250,10.047941,13840,93,9996,25604
219,44000,2199960,12,1212,1263,1247,10.023673,13857,93,9981,25777
220,44200,2210027,12,1214,1263,1250,10.047941,13900,93,10067,25851
221,44400,2219975,12,1214,1263,1248,10.031763,13868,93,9948,25777
222,44600,2230010,12,1216,1265,1249,10.039852,13914,93,10035,25851
223,44800,2240011,12,1213,1264,1250,10.047941,13918,93,10001,25851
224,45000,2249960,12,1215,1264,1251,10.056031,13884,93,9949,25851
225,45200,2259983,11,1214,1263,1247,10.023673,13943,93,10023,25926
226,45400,2269966,11,1216,1264,1252,10.064120,13910,93,9983,25851
227,45600,2279960,11,1217,1264,1251,10.056031,13930,93,9994,25926
228,45800,2289967,11,1214,1264,1252,10.064120,13938,93,10007,25926
229,46000,2300030,11,1215,1263,1248,10.031763,13962,93,10063,26175
230,46200,2310035,11,1216,1265,1251,10.056031,13945,93,10005,25926
231,46400,2319960,11,1213,1263,1246,10.015584,13798,92,9925,25628
232,46600,2330006,11,1213,1263,1248,10.031763,14077,94,10046,26149
233,46800,2340020,11,1213,1264,1247,10.023673,13943,93,10014,25926
234,47000,2349960,11,1215,1264,1250,10.047941,13807,92,9940,25875
235,47200,2360019,11,1215,1264,1251,10.056031,14090,94,10059,26224
236,47400,2370035,11,1216,1262,1252,10.064120,13968,93,10016,26175
237,47600,2379997,11,1220,1265,1253,10.072209,14029,93,9962,26250
238,47800,2389987,11,1219,1263,1251,10.056031,14106,93,9990,26576
239,48000,2399997,11,1222,1265,1254,10.080299,14114,93,10010,26576
240,48200,2409960,11,1229,1263,1255,10.088388,14147,94,9963,26475
241,48400,2419960,11,1225,1263,1252,10.064120,14179,94,10000,26550
242,48600,2430030,11,1217,1264,1254,10.080299,14349,95,10070,27029
243,48800,2439988,11,1221,1263,1253,10.072209,14195,94,9958,26727
244,49000,2449968,11,1217,1264,1251,10.056031,14223,94,9980,26802
245,49200,2459989,11,1223,1262,1252,10.064120,14245,94,10021,26878
246,49400,2470024,11,1218,1263,1250,10.047941,14246,94,10035,26878
247,49600,2479968,11,1219,1265,1250,10.047941,14125,93,9944,26651
248,49800,2490025,11,1221,1263,1252,10.064120,14278,94,10057,26878
249,50000,2499972,11,1226,1264,1253,10.072209,14138,93,9947,26828
250,50200,2510018,10,1219,1263,1250,10.047941,14285,94,10046,26953
251,50400,2519960,10,1219,1265,1249,10.039852,14151,93,9942,26828
252,50600,2529960,10,1217,1264,1251,10.056031,14267,94,10000,26878
253,50800,2539965,10,1226,1263,1251,10.056031,14283,94,10005,26953
254,51000,2550015,10,1219,1263,1252,10.064120,14311,94,10050,27132
255,51200,2560015,10,1221,1263,1251,10.056031,14285,94,10000,26953
256,51400,2569960,10,1221,1264,1253,10.072209,14157,93,9945,26828
257,51600,2580010,10,1228,1266,1250,10.047941,14313,94,10050,27132
258,51800,2589960,10,1221,1265,1250,10.047941,14149,93,9950,26828
259,52000,2599970,10,1217,1265,1251,10.056031,14301,94,10010,27132
260,52200,2609996,10,1223,1262,1253,10.072209,14296,94,10026,27132
261,52400,2619960,10,1221,1262,1253,10.072209,14176,93,9964,26904
262,52600,2630038,10,1219,1263,1251,10.056031,14545,95,10078,27769
263,52800,2639960,10,1223,1265,1253,10.072209,14261,93,9922,27234
264,53000,2649960,10,1224,1270,1252,10.064120,14427,94,10000,27540
265,53200,2660036,10,1222,1264,1254,10.080299,14649,95,10076,28182
266,53400,2670002,10,1223,1267,1254,10.080299,14500,94,9966,27874
267,53600,2680030,10,1225,1268,1255,10.088388,14675,95,10028,28182
268,53800,2690013,10,1221,1266,1254,10.080299,14558,94,9983,27951
269,54000,2699960,10,1221,1264,1253,10.072209,14551,94,9947,27951
270,54200,2710010,10,1223,1262,1255,10.088388,14714,95,10050,28259
271,54400,2719960,10,1221,1263,1254,10.080299,14572,94,9950,28210
272,54600,2730000,10,1225,1264,1254,10.080299,14727,95,10040,28520
273,54800,2739960,10,1224,1266,1254,10.080299,14583,94,9960,28210
274,55000,2749987,10,1222,1264,1256,10.096477,14738,95,10027,28520
275,55200,2759963,9,1230,1265,1256,10.096477,14591,94,9976,28210
276,55400,2770036,9,1222,1265,1254,10.080299,14757,95,10073,28520
277,55600,2780009,9,1221,1264,1254,10.080299,14606,94,9973,28287
278,55800,2789982,9,1216,1265,1252,10.064120,14605,94,9973,28287
279,56000,2800016,9,1224,1269,1253,10.072209,14747,95,10034,28520
280,56200,2809997,9,1217,1263,1254,10.080299,14609,94,9981,28287
281,56400,2819960,9,1224,1265,1253,10.072209,14604,94,9963,28287
282,56600,2829960,9,1221,1265,1253,10.072209,14606,94,10000,28287
283,56800,2840002,9,1225,1265,1256,10.096477,14758,95,10042,28520
284,57000,2849960,9,1225,1264,1256,10.096477,14596,94,9958,28210
285,57200,2859960,9,1223,1264,1252,10.064120,14613,94,10000,28287
286,57400,2870030,9,1221,1264,1253,10.072209,14768,95,10070,28597
287,57600,2880028,9,1222,1265,1252,10.064120,14665,94,9998,28548
288,57800,2889983,9,1219,1266,1252,10.064120,14682,94,9955,28626
289,58000,2899960,9,1219,1266,1252,10.064120,14688,94,9977,28626
290,58200,2909974,9,1216,1264,1251,10.056031,14876,95,10014,28938
291,58400,2919973,9,1221,1265,1253,10.072209,14895,95,9999,29016
292,58600,2930031,9,1217,1265,1252,10.064120,15063,96,10058,29328
293,58800,2939985,9,1222,1264,1253,10.072209,14923,95,9954,29280
294,59000,2950031,9,1221,1265,1251,10.056031,15081,96,10046,29594
295,59200,2959969,9,1230,1264,1254,10.080299,14931,95,9938,29280
296,59400,2969960,9,1225,1265,1253,10.072209,14961,95,9991,29359
297,59600,2980011,9,1226,1264,1254,10.080299,15124,96,10051,29673
298,59800,2989960,9,1221,1265,1253,10.072209,14961,95,9949,29359
299,60000,2999975,9,1222,1264,1253,10.072209,15117,96,10015,29594
300,60200,3010001,8,1220,1265,1253,10.072209,15128,96,10026,29673
301,60400,3019960,8,1223,1263,1252,10.064120,14975,95,9959,29359
302,60600,3029978,8,1222,1264,1252,10.064120,15138,96,10018,29673
303,60800,3039993,8,1222,1264,1254,10.080299,15125,96,10015,29673
304,61000,3050017,8,1234,1265,1254,10.080299,15136,96,10024,29673
305,61200,3060040,8,1228,1264,1252,10.064120,15140,96,10023,29673
306,61400,3069987,8,1221,1266,1251,10.056031,14992,95,9947,29359
307,61600,3079963,8,1226,1266,1253,10.072209,15003,95,9976,29437
308,61800,3090011,8,1224,1264,1253,10.072209,15151,96,10048,29673
309,62000,3099960,8,1226,1264,1254,10.080299,14999,95,9949,29359
310,62200,3109965,8,1222,1264,1251,10.056031,15137,96,10005,29673
311,62400,3119997,8,1221,1264,1253,10.072209,15158,96,10032,29673
312,62600,3129965,8,1218,1264,1252,10.064120,15098,95,9968,29783
313,62800,3140038,8,1217,1264,1251,10.056031,15275,96,10073,30289
314,63000,3149987,8,1217,1262,1251,10.056031,15147,95,9949,30051
315,63200,3159988,8,1231,1264,1251,10.056031,15342,96,10001,30448
316,63400,3169982,8,1226,1261,1250,10.047941,15355,96,9994,30448
317,63600,3180027,8,1217,1263,1248,10.031763,15520,97,10045,31040
318,63800,3190025,8,1216,1261,1248,10.031763,15520,97,9998,31040
319,64000,3200040,8,1218,1259,1248,10.031763,15520,97,10015,31040
320,64200,3210037,8,1220,1262,1248,10.031763,15520,97,9997,31040
321,64400,3219984,8,1219,1259,1248,10.031763,15520,97,9947,31040
322,64600,3230030,8,1225,1258,1249,10.039852,15680,98,10046,31360
323,64800,3239960,8,1221,1257,1247,10.023673,15520,97,9930,31040
324,65000,3249972,8,1217,1258,1247,10.023673,15680,98,10012,31360
325,65200,3259983,7,1218,1258,1248,10.031763,15680,98,10011,31360
326,65400,3269985,7,1219,1258,1247,10.023673,15680,98,10002,31360
327,65600,3279978,7,1223,1258,1247,10.023673,15680,98,9993,31360
328,65800,3289970,7,1219,1261,1247,10.023673,15680,98,9992,31360
329,66000,3299965,7,1224,1258,1247,10.023673,15680,98,9995,31360
330,66200,3309960,7,1216,1257,1247,10.023673,15680,98,9995,31360
331,66400,3320035,7,1219,1257,1248,10.031763,15840,99,10075,31680
332,66600,3330018,7,1221,1258,1247,10.023673,15680,98,9983,31360
333,66800,3340005,7,1227,1256,1247,10.023673,15680,98,9987,31360
334,67000,3349994,7,1215,1258,1247,10.023673,15680,98,9989,31360
335,67200,3359970,7,1217,1257,1246,10.015584,15680,98,9976,31360
336,67400,3369981,7,1221,1258,1248,10.031763,15840,99,10011,31680
337,67600,3379990,7,1217,1256,1243,9.991316,16000,100,10009,32000
338,67800,3389991,7,1223,1254,1246,10.015584,16160,101,10001,32320
339,68000,3400005,7,1222,1253,1245,10.007495,16320,102,10014,32640
340,68200,3410028,7,1219,1250,1243,9.991316,16480,103,10023,32960
341,68400,3419966,7,1222,1251,1242,9.983227,16480,103,9938,32960
342,68600,3429998,7,1217,1247,1239,9.958959,16800,105,10032,33600
343,68800,3440001,7,1225,1250,1240,9.967048,16800,105,10003,33600
344,69000,3449998,7,1226,1248,1240,9.967048,16800,105,9997,33600
345,69200,3459960,7,1220,1249,1239,9.958959,16800,105,9962,33600
346,69400,3470006,7,1217,1254,1241,9.975137,16960,106,10046,33920
347,69600,3480018,7,1222,1248,1240,9.967048,16960,106,10012,33920
348,69800,3490012,7,1218,1248,1238,9.950869,16960,106,9994,33920
349,70000,3500009,7,1222,1246,1239,9.958959,16960,106,9997,33920
350,70200,3509996,6,1219,1249,1239,9.958959,16960,106,9987,33920
351,70400,3519966,6,1219,1245,1238,9.950869,16960,106,9970,33920
352,70600,3530032,6,1219,1248,1238,9.950869,17120,107,10066,34240
353,70800,3540007,6,1219,1247,1239,9.958959,16960,106,9975,33920
354,71000,3549963,6,1218,1247,1237,9.942780,16960,106,9956,33920
355,71200,3560010,6,1218,1248,1239,9.958959,17120,107,10047,34240
356,71400,3569971,6,1217,1246,1238,9.950869,16960,106,9961,33920
357,71600,3580024,6,1217,1246,1238,9.950869,17120,107,10053,34240
358,71800,3589983,6,1218,1246,1239,9.958959,16960,106,9959,33920
359,72000,3600039,6,1225,1247,1238,9.950869,17120,107,10056,34240
360,72200,3609994,6,1223,1246,1238,9.950869,16960,106,9955,33920
361,72400,3620041,6,1218,1247,1239,9.958959,17120,107,10047,34240
362,72600,3629995,6,1221,1249,1237,9.942780,16960,106,9954,33920
363,72800,3640010,6,1218,1246,1237,9.942780,17120,107,10015,34240
364,73000,3649971,6,1226,1245,1238,9.950869,17120,107,9961,34240
365,73200,3660008,6,1223,1242,1236,9.934691,17440,109,10037,34880
366,73400,3670036,6,1217,1244,1234,9.918512,17760,111,10028,35520
367,73600,3680010,6,1219,1241,1231,9.894244,17920,112,9974,35840
368,73800,3689975,6,1219,1239,1231,9.894244,17920,112,9965,35840
369,74000,3699993,6,1216,1239,1231,9.894244,18080,113,10018,36160
370,74200,3710040,6,1218,1239,1231,9.894244,18240,114,10047,36480
371,74400,3719971,6,1220,1238,1229,9.878065,18080,113,9931,36160
372,74600,3730032,6,1223,1238,1229,9.878065,18400,115,10061,36800
373,74800,3739978,6,1216,1238,1229,9.878065,18240,114,9946,36480
374,75000,3750012,6,1220,1237,1228,9.869976,18400,115,10034,36800
375,75200,3760025,5,1220,1236,1227,9.861887,18400,115,10013,36800
376,75400,3770026,5,1222,1239,1229,9.878065,18400,115,10001,36800
377,75600,3780027,5,1224,1243,1228,9.869976,18400,115,10001,36800
378,75800,3790015,5,1216,1238,1227,9.861887,18400,115,9988,36800
379,76000,3800000,5,1218,1237,1227,9.861887,18400,115,9985,36800
380,76200,3809981,5,1217,1234,1227,9.861887,18400,115,9981,36800
381,76400,3819960,5,1217,1239,1227,9.861887,18400,115,9979,36800
382,76600,3830020,5,1223,1236,1228,9.869976,18560,116,10060,37120
383,76800,3840004,5,1219,1239,1227,9.861887,18400,115,9984,36800
384,77000,3849978,5,1216,1237,1228,9.869976,18400,115,9974,36800
385,77200,3860026,5,1221,1235,1226,9.853797,18560,116,10048,37120
386,77400,3870013,5,1218,1235,1225,9.845708,18560,116,9987,37120
387,77600,3880069,5,1214,1233,1222,9.821440,19040,119,10056,38080
388,77800,3889989,5,1211,1230,1220,9.805261,19040,119,9920,38080
389,78000,3900043,5,1213,1228,1218,9.789083,19360,121,10054,38720
390,78200,3910127,5,1208,1227,1217,9.780994,19360,121,10084,38720
391,78400,3922517,5,1202,1223,1211,9.732458,24320,152,12390,48640
392,78600,3935719,5,1200,1217,1206,9.692011,25600,160,13202,51200
393,78800,3948839,5,1196,1213,1204,9.675832,25760,161,13120,51520
394,79000,3961959,5,1195,1210,1200,9.643475,25600,160,13120,51200
395,79200,3974833,5,1193,1205,1198,9.627296,25120,157,12874,50240
396,79400,3988035,5,1192,1206,1198,9.627296,25760,161,13202,51520
397,79600,4001073,5,1192,1206,1198,9.627296,25440,159,13038,50880
398,79800,4014275,5,1192,1205,1197,9.619207,25760,161,13202,51520
399,80000,4027477,5,1193,1206,1197,9.619207,25760,161,13202,51520
# host_gate_result=FAIL,failure_count=5
