Vin,Pout,freq_hz,gain_M,vout,I_p_rms,I_s_rms,I_diode_avg,I_diode_rms,Q
24.0,0.0,35000.0,1.2544012790307804,11.342252278695492,7.1450593166903555,8.931324145862945,0.0,0.0,0.0
24.0,0.0,40000.0,1.1226900523182963,10.077824502255645,5.5954791007839395,6.994348875979925,0.0,0.0,0.0
24.0,0.0,45000.0,1.0472980423780889,9.354061206829654,4.639756327575426,5.799695409469282,0.0,0.0,0.0
24.0,0.0,50000.0,0.9992976310939664,8.893257258502079,3.9843937326801324,4.9804921658501655,0.0,0.0,0.0
24.0,0.0,60000.0,0.9429978175223029,8.35277904821411,3.1332628681354304,3.916578585169288,0.0,0.0,0.0
24.0,0.0,70000.0,0.9120158440423873,8.05535210280692,2.5974173545483046,3.246771693185381,0.0,0.0,0.0
24.0,0.0,80000.0,0.8929740586421728,7.872550962964859,2.225288124873261,2.7816101560915762,0.0,0.0,0.0
24.0,0.0,100000.0,0.8715739082464427,7.667109519165849,1.7375672219811902,2.171959027476488,0.0,0.0,0.0
24.0,0.0,120000.0,0.8603735302130553,7.559585890045331,1.4293651506141505,1.786706438267688,0.0,0.0,0.0
24.0,0.0,140000.0,0.8537581030070033,7.496077788867232,1.215749774426926,1.5196872180336576,0.0,0.0,0.0
24.0,0.0,150000.0,0.8514214722921452,7.473646134004594,1.131594255976349,1.4144928199704363,0.0,0.0,0.0
24.0,0.0,170000.0,0.8479479934001266,7.440300736641215,0.9943921567613597,1.2429901959516996,0.0,0.0,0.0
24.0,0.0,200000.0,0.8445865195091046,7.408030587287404,0.8418826209350256,1.0523532761687822,0.0,0.0,0.0
24.0,0.0,250000.0,0.8414599266728824,7.378015296059671,0.6710128301748477,0.8387660377185596,0.0,0.0,0.0
24.0,5.0,35000.0,1.2539624598011874,11.3380396140914,7.181083045491288,8.976353806864111,0.2204966718314243,0.4898204506002697,0.029102253337617522
24.0,5.0,40000.0,1.1225706997604152,10.076678717699986,5.63426534026494,7.042831675331175,0.24809761926900334,0.5511343398239826,0.029102253337617522
24.0,5.0,45000.0,1.0472770978271926,9.353860139141048,4.680957408164406,5.851196760205507,0.26726933723744684,0.5937231891525735,0.029102253337617522
24.0,5.0,50000.0,0.9992976256531028,8.893257206269787,4.028128564417726,5.035160705522157,0.28111185159892693,0.6244735245914895,0.029102253337617522
24.0,5.0,60000.0,0.9429491247001008,8.352311597120968,3.1825058216575015,3.978132277071877,0.29931833492200494,0.6649181616514735,0.029102253337617522
24.0,5.0,70000.0,0.9118631574988283,8.053886311988752,2.6525658404183687,3.315707300522961,0.31040914946596426,0.6895557570052913,0.029102253337617522
24.0,5.0,80000.0,0.8926851978557783,7.869777899415472,2.2865578951869154,2.858197368983644,0.31767097266946853,0.7056874722106771,0.029102253337617522
24.0,5.0,100000.0,0.870939981370632,7.661023821158067,1.8113350455319137,2.264168806914892,0.32632714090975,0.7249166433029646,0.029102253337617522
24.0,5.0,120000.0,0.8593091886622376,7.549368211157481,1.5156371872260324,1.8945464840325403,0.33115353895510896,0.7356382040672077,0.029102253337617522
24.0,5.0,140000.0,0.8521825483489736,7.480952464150147,1.3143211698257755,1.6429014622822193,0.3341820459333724,0.7423658550581178,0.029102253337617522
24.0,5.0,150000.0,0.8495606022885824,7.4557817819703915,1.2362004010709313,1.5452505013386642,0.3353102428568272,0.7448720784891678,0.029102253337617522
24.0,5.0,170000.0,0.8454577752781953,7.416394642670675,1.110789427840801,1.3884867848010014,0.3370910153049433,0.7488279602524065,0.029102253337617522
24.0,5.0,200000.0,0.8410070702365546,7.373667874270924,0.9751790217085682,1.2189737771357103,0.33904429147443654,0.7531670489358829,0.029102253337617522
24.0,5.0,250000.0,0.8356842274364715,7.322568583390127,0.8301621564165773,1.0377026955207216,0.34141025400168745,0.7584228962082055,0.029102253337617522
24.0,10.0,35000.0,1.2526487601353928,11.325428097299772,7.287789365877161,9.109736707346451,0.4414844151623821,0.980731787793886,0.058204506675235045
24.0,10.0,40000.0,1.1222128703468348,10.073243555329615,5.748957650323867,7.186197062904833,0.4963644502921374,1.1026445736556467,0.058204506675235045
24.0,10.0,45000.0,1.047214271713231,9.353257008447017,4.802421097265809,6.00302637158226,0.5345731433964075,1.187522948996792,0.058204506675235045
24.0,10.0,50000.0,0.9992976093305123,8.893257049572918,4.156572942829079,5.195716178536349,0.5622237131040888,1.2489470711891002,0.058204506675235045
24.0,10.0,60000.0,0.9428030914786545,8.350909678195084,3.3258050641848342,4.157256330231043,0.5987371666892067,1.330059571162379,0.058204506675235045
24.0,10.0,70000.0,0.9114055575782726,8.049493352751417,2.8113216374655208,3.514152046831901,0.6211571065265787,1.3798641552513775,0.058204506675235045
24.0,10.0,80000.0,0.8918202945414428,7.861474827597852,2.4607975662619515,3.0759969578274395,0.6360129758919291,1.4128655995187898,0.058204506675235045
24.0,10.0,100000.0,0.8690464680783777,7.642846093552426,2.015383495697806,2.5192293696222574,0.6542065532652875,1.4532815667668693,0.058204506675235045
24.0,10.0,120000.0,0.8561397086786056,7.518941203314614,1.7469650867146045,2.1837063583932554,0.6649872455174705,1.477230243601249,0.058204506675235045
24.0,10.0,140000.0,0.8475077110456684,7.436074026038416,1.5699373354474742,1.9624216693093426,0.672397824778482,1.493692411681558,0.058204506675235045
24.0,10.0,150000.0,0.844050357523833,7.402883432228797,1.502810304906912,1.87851288113364,0.6754124991665096,1.5003893343828933,0.058204506675235045
24.0,10.0,170000.0,0.8381167296363803,7.345920604509252,1.397146411742416,1.7464330146780198,0.6806498830018362,1.5120238760241729,0.058204506675235045
24.0,10.0,200000.0,0.8305357556448091,7.273143254190167,1.2859323329655887,1.6074154162069858,0.6874606790013967,1.5271536606950353,0.058204506675235045
24.0,10.0,250000.0,0.819045566121344,7.162837434764903,1.16971228500895,1.4621403562611877,0.6980473933042861,1.5506714268687674,0.058204506675235045
24.0,25.0,35000.0,1.2435670358233217,11.23824354390389,7.983787876875777,9.979734846094722,1.112273457250403,2.470850382892117,0.14551126668808761
24.0,25.0,40000.0,1.1197176091002725,10.049289047362617,6.491771361239146,8.114714201548933,1.2438690877620402,2.76318237366029,0.14551126668808761
24.0,25.0,45000.0,1.0467748052784065,9.349038130672703,5.5784154300965225,6.973019287620653,1.3370359415894875,2.9701470862962194,0.14551126668808761
24.0,25.0,50000.0,0.9992974950724008,8.89325595269505,4.9634714655067045,6.20433933188338,1.4055594561193245,3.12236806307985,0.14551126668808761
24.0,25.0,60000.0,0.9417827551457293,8.341114449399,4.1920509149735805,5.240063643716976,1.4986007056767645,3.3290537531816917,0.14551126668808761
24.0,25.0,70000.0,0.908221532229133,8.018926709399679,3.73190229573824,4.6648778696728,1.5588121020419936,3.462809845978575,0.14551126668808761
24.0,25.0,80000.0,0.8858355536645753,7.804021315179923,3.4288848264677094,4.286106033084637,1.601738321201883,3.5581679293311352,0.14551126668808761
24.0,25.0,100000.0,0.8561288966173861,7.518837407526907,3.056681243837384,3.8208515547967297,1.662491063776241,3.693126591046106,0.14551126668808761
24.0,25.0,120000.0,0.8348938058881484,7.3149805365262255,2.8353222436212113,3.5441528045265143,1.708822045059885,3.7960481541727242,0.14551126668808761
24.0,25.0,140000.0,0.8168053897634036,7.141331741728675,2.684389849764062,3.355487312205078,1.7503738031044294,3.88835295260602,0.14551126668808761
24.0,25.0,150000.0,0.8082647602632381,7.059341698527086,2.623985798671839,3.279982248339799,1.7707033507965897,3.9335138528970077,0.14551126668808761
24.0,25.0,170000.0,0.7915808431156982,6.899176093910702,2.52168098371021,3.1521012296377626,1.81181054517983,4.024831079177437,0.14551126668808761
24.0,25.0,200000.0,0.7667736340779098,6.6610268871479335,2.396285876392809,2.9953573454910116,1.8765875309883568,4.168729361694452,0.14551126668808761
24.0,25.0,250000.0,0.7250836830385419,6.260803357170002,2.2241155005601945,2.7801443757002433,1.9965488910755742,4.435216501679337,0.14551126668808761
24.0,50.0,35000.0,1.2126746613434114,10.94167674889675,9.96581382857882,12.457267285723525,2.2848417636282985,5.075642244007918,0.29102253337617523
24.0,50.0,40000.0,1.1109399660617938,9.96502367419322,8.600434193428718,10.750542741785898,2.5087747723814644,5.573096315947873,0.29102253337617523
24.0,50.0,45000.0,1.0452097869060717,9.334013954298289,7.731637909193735,9.664547386492169,2.6783761115428337,5.949855763972303,0.29102253337617523
24.0,50.0,50000.0,0.9992970870080368,8.893252035277154,7.135684065676168,8.91960508209521,2.8111201505176826,6.244738876924094,0.29102253337617523
24.0,50.0,60000.0,0.9381655569131298,8.306389346366046,6.372071880172606,7.965089850215757,3.009731299308432,6.685941919069322,0.29102253337617523
24.0,50.0,70000.0,0.8971165786159635,7.912319154713249,5.896657068801468,7.370821336001835,3.1596298773044156,7.018932836385599,0.29102253337617523
24.0,50.0,80000.0,0.8654053106265565,7.6078909820149425,5.56166663486839,6.952083293585487,3.2860618086010973,7.299793971583818,0.29102253337617523
24.0,50.0,100000.0,0.8142969113975871,7.117250349416835,5.089606896353089,6.362008620441362,3.512592472182522,7.803018581681622,0.29102253337617523
24.0,50.0,120000.0,0.7701968294656459,6.6938895628702015,4.738554055864989,5.923192569831236,3.734749395728082,8.296527184288783,0.29102253337617523
24.0,50.0,140000.0,0.7293851968186622,6.302097889459156,4.44384758802207,5.5548094850275875,3.9669329862068348,8.81230944061798,0.29102253337617523
24.0,50.0,150000.0,0.7098734107053339,6.1147847427712065,4.309717411315153,5.387146764143941,4.088451360377742,9.082255396256315,0.29102253337617523
24.0,50.0,170000.0,0.6724772543140461,5.755781641414843,4.060958784495711,5.076198480619639,4.343458726807206,9.648739334963397,0.29102253337617523
24.0,50.0,200000.0,0.620442669533467,5.256249627521283,3.7270758113791667,4.658844764223958,4.756242905417218,10.565715227107466,0.29102253337617523
24.0,50.0,250000.0,0.5446319749621877,4.528466959637002,3.2554159556580804,4.069269944572601,5.520632086494008,12.263761052466924,0.29102253337617523
24.0,75.0,35000.0,1.1659377727135092,10.493002618049688,12.306093857394337,15.382617321742922,3.5738102204886366,7.939010226412475,0.43653380006426284
24.0,75.0,40000.0,1.096758381861636,9.828880465871705,11.17386455872296,13.9673306984037,3.815287013633876,8.475436788525567,0.43653380006426284
24.0,75.0,45000.0,1.0426169496629534,9.309122716764353,10.352070512523776,12.94008814065472,4.028306548421372,8.948647216826465,0.43653380006426284
24.0,75.0,50000.0,0.9992964069018739,8.89324550625799,9.732477682883243,12.165597103604053,4.216683321472688,9.367115192293976,0.43653380006426284
24.0,75.0,60000.0,0.9322284197462933,8.249392829564417,8.843743837514548,11.054679796893186,4.545789099242116,10.098204414744542,0.43653380006426284
24.0,75.0,70000.0,0.8794804243072537,7.743012073349635,8.206448553546721,10.258060691933402,4.843076524324398,10.758611029058093,0.43653380006426284
24.0,75.0,80000.0,0.8342865534629029,7.309150913243868,7.699288896855158,9.624111121068948,5.130554895514828,11.397227404283852,0.43653380006426284
24.0,75.0,100000.0,0.7564165560470341,6.561598938051527,6.88842873808413,8.610535922605163,5.71507042018872,12.695694430115012,0.43653380006426284
24.0,75.0,120000.0,0.6893549964825846,5.917807966232812,6.231588272521745,7.789485340652181,6.336805826410068,14.076843244289908,0.43653380006426284
24.0,75.0,140000.0,0.63064248555517,5.354167861329632,5.675242981195148,7.094053726493935,7.003889487821811,15.55873055309513,0.43653380006426284
24.0,75.0,150000.0,0.6040492995439611,5.098873275622027,5.427148433865259,6.783935542331574,7.354565993881318,16.337737885887517,0.43653380006426284
24.0,75.0,170000.0,0.5558211221181211,4.635882772333962,4.981722435728929,6.227153044661161,8.089074258691923,17.96940500471919,0.43653380006426284
24.0,75.0,200000.0,0.4943125959379359,4.045400921004185,4.419896638113867,5.524870797642334,9.269785796828122,20.592286578555207,0.43653380006426284
24.0,75.0,250000.0,0.41451473084609436,3.279341416122506,3.6980834528359234,4.622604316044904,11.435222882141991,25.40267831855339,0.43653380006426284
24.0,100.0,35000.0,1.108742035131011,9.943923537257707,14.575299832311595,18.219124790389493,5.028196346508593,11.16984387880663,0.5820450667523505
24.0,100.0,40000.0,1.0777865840037708,9.6467512064362,13.853138200463924,17.316422750579903,5.183092103239957,11.513935736194082,0.5820450667523505
24.0,100.0,45000.0,1.0390191819107382,9.274584146343088,13.142443479082434,16.428054348853042,5.391077293715071,11.975962663269833,0.5820450667523505
24.0,100.0,50000.0,0.9992954547555795,8.893236365653564,12.49180972402093,15.614762155026163,5.62225020725911,12.489499759944415,0.5820450667523505
24.0,100.0,60000.0,0.9241026549812968,8.171385487820451,11.370886548144503,14.213608185180629,6.118913380665446,13.592807929513716,0.5820450667523505
24.0,100.0,70000.0,0.8564503639262628,7.521923493692122,10.436008025922604,13.045010032403255,6.647235915378554,14.766445517174441,0.5820450667523505
24.0,100.0,80000.0,0.7958685227875818,6.940337818760786,9.635524461368849,12.04440557671106,7.204260268836254,16.0038425152324,0.5820450667523505
24.0,100.0,100000.0,0.6928381694451085,5.95124642667304,8.323929056912794,10.404911321140993,8.401601347896426,18.663665640888677,0.5820450667523505
24.0,100.0,120000.0,0.6096736938541232,5.152867460999582,7.293892267791113,9.117365334738892,9.703335158226778,21.555391108858977,0.5820450667523505
24.0,100.0,140000.0,0.5420883667136867,4.504048320451392,6.468717497016074,8.085896871270092,11.101124242598944,24.660497745909527,0.5820450667523505
24.0,100.0,150000.0,0.5130318605121233,4.225105860916384,6.116366618091847,7.645458272614809,11.834023015261325,26.288589472138977,0.5820450667523505
24.0,100.0,170000.0,0.462607557938516,3.7410325562097535,5.507613368387359,6.884516710484199,13.365294006063866,29.690218351505713,0.5820450667523505
24.0,100.0,200000.0,0.4020854582936571,3.1600203996191087,4.780613726610492,5.975767158263116,15.822682665601375,35.14916342544724,0.5820450667523505
24.0,100.0,250000.0,0.32883128791955474,2.4567803640277255,3.9047052660387913,4.880881582548489,20.351839640247032,45.21042054889432,0.5820450667523505
30.0,0.0,35000.0,1.2544012790307804,14.352815348369365,8.931324145862945,11.164155182328681,0.0,0.0,0.0
30.0,0.0,40000.0,1.1226900523182963,12.772280627819555,6.994348875979924,8.742936094974905,0.0,0.0,0.0
30.0,0.0,45000.0,1.0472980423780889,11.867576508537068,5.799695409469282,7.249619261836603,0.0,0.0,0.0
30.0,0.0,50000.0,0.9992976310939664,11.291571573127598,4.9804921658501655,6.225615207312707,0.0,0.0,0.0
30.0,0.0,60000.0,0.9429978175223029,10.615973810267636,3.9165785851692876,4.895723231461609,0.0,0.0,0.0
30.0,0.0,70000.0,0.9120158440423873,10.244190128508649,3.2467716931853805,4.058464616481726,0.0,0.0,0.0
30.0,0.0,80000.0,0.8929740586421728,10.015688703706076,2.7816101560915762,3.47701269511447,0.0,0.0,0.0
30.0,0.0,100000.0,0.8715739082464427,9.758886898957313,2.1719590274764875,2.7149487843456095,0.0,0.0,0.0
30.0,0.0,120000.0,0.8603735302130553,9.624482362556664,1.7867064382676878,2.23338304783461,0.0,0.0,0.0
30.0,0.0,140000.0,0.8537581030070033,9.54509723608404,1.5196872180336574,1.8996090225420716,0.0,0.0,0.0
30.0,0.0,150000.0,0.8514214722921452,9.517057667505743,1.414492819970436,1.768116024963045,0.0,0.0,0.0
30.0,0.0,170000.0,0.8479479934001266,9.47537592080152,1.2429901959516996,1.5537377449396246,0.0,0.0,0.0
30.0,0.0,200000.0,0.8445865195091046,9.435038234109257,1.052353276168782,1.3154415952109775,0.0,0.0,0.0
30.0,0.0,250000.0,0.8414599266728824,9.39751912007459,0.8387660377185596,1.0484575471481996,0.0,0.0,0.0
30.0,5.0,35000.0,1.2539624598011874,14.34754951761425,8.97635380686411,11.220442258580137,0.1742457830119904,0.38707680819500845,0.029102253337617522
30.0,5.0,40000.0,1.1225706997604152,12.770848397124983,7.042831675331175,8.803539594163968,0.19575833353113867,0.43486568002390535,0.029102253337617522
30.0,5.0,45000.0,1.0472770978271926,11.86732517392631,5.851196760205507,7.313995950256884,0.21066246718281115,0.4679743405784292,0.029102253337617522
30.0,5.0,50000.0,0.9992976256531028,11.291571507837233,5.0351607055221566,6.2939508819026955,0.2214040798718588,0.49183620445066684,0.029102253337617522
30.0,5.0,60000.0,0.9429491247001008,10.61538949640121,3.978132277071877,4.972665346339847,0.2355071380892374,0.5231653228155896,0.029102253337617522
30.0,5.0,70000.0,0.9118631574988283,10.24235788998594,3.3157073005229605,4.144634125653701,0.24408442146356515,0.5422192557953647,0.029102253337617522
30.0,5.0,80000.0,0.8926851978557783,10.01222237426934,2.858197368983644,3.5727467112295552,0.24969481365344146,0.5546824136637538,0.029102253337617522
30.0,5.0,100000.0,0.870939981370632,9.751279776447584,2.264168806914892,2.830211008643615,0.25637660464201717,0.5695256212534955,0.029102253337617522
30.0,5.0,120000.0,0.8593091886622376,9.611710263946852,1.8945464840325401,2.368183105040675,0.2600993924439651,0.5777955764573248,0.029102253337617522
30.0,5.0,140000.0,0.8521825483489736,9.526190580187682,1.6429014622822193,2.0536268278527743,0.26243438853715917,0.5829826336088839,0.029102253337617522
30.0,5.0,150000.0,0.8495606022885824,9.49472722746299,1.5452505013386642,1.9315631266733302,0.2633040360305332,0.5849145046141457,0.029102253337617522
30.0,5.0,170000.0,0.8454577752781953,9.445493303338345,1.3884867848010014,1.7356084810012518,0.2646764885341053,0.5879633275199224,0.029102253337617522
30.0,5.0,200000.0,0.8410070702365546,9.392084842838656,1.21897377713571,1.5237172214196377,0.26618158181420365,0.5913068041471653,0.029102253337617522
30.0,5.0,250000.0,0.8356842274364715,9.328210729237659,1.0377026955207216,1.297128369400902,0.2680042371002816,0.5953557261834952,0.029102253337617522
30.0,10.0,35000.0,1.2526487601353928,14.331785121624714,9.10973670734645,11.387170884183062,0.34887489294377433,0.7750051547058607,0.058204506675235045
30.0,10.0,40000.0,1.1222128703468348,12.766554444162018,7.186197062904832,8.982746328631041,0.3916483513127096,0.8700238889025456,0.058204506675235045
30.0,10.0,45000.0,1.047214271713231,11.866571260558771,6.00302637158226,7.503782964477825,0.42135170220724405,0.9360081443502747,0.058204506675235045
30.0,10.0,50000.0,0.9992976093305123,11.291571311966148,5.195716178536348,6.494645223170435,0.44280816742496165,0.9836724259647677,0.058204506675235045
30.0,10.0,60000.0,0.9428030914786545,10.613637097743855,4.157256330231043,5.1965704127888035,0.47109204450403264,1.046503403414554,0.058204506675235045
30.0,10.0,70000.0,0.9114055575782726,10.236866690939273,3.5141520468319007,4.392690058539876,0.4884307035497041,1.0850202196368335,0.058204506675235045
30.0,10.0,80000.0,0.8918202945414428,10.001843534497315,3.0759969578274395,3.844996197284299,0.4999078402650993,1.1105160070827036,0.058204506675235045
30.0,10.0,100000.0,0.8690464680783777,9.728557616940535,2.5192293696222574,3.1490367120278218,0.5139508030762339,1.1417116270200947,0.058204506675235045
30.0,10.0,120000.0,0.8561397086786056,9.573676504143267,2.1837063583932554,2.7296329479915693,0.5222654011586996,1.1601820199992103,0.058204506675235045
30.0,10.0,140000.0,0.8475077110456684,9.470092532548021,1.9624216693093426,2.4530270866366783,0.5279779456024704,1.1728721031205607,0.058204506675235045
30.0,10.0,150000.0,0.844050357523833,9.428604290285996,1.8785128811336398,2.34814110141705,0.530301182026628,1.1780330368556597,0.058204506675235045
30.0,10.0,170000.0,0.8381167296363803,9.357400755636563,1.7464330146780198,2.183041268347525,0.5343364178335719,1.186997077014718,0.058204506675235045
30.0,10.0,200000.0,0.8305357556448091,9.266429067737711,1.6074154162069858,2.0092692702587325,0.5395821803037544,1.1986502313029208,0.058204506675235045
30.0,10.0,250000.0,0.819045566121344,9.12854679345613,1.4621403562611874,1.8276754453264843,0.5477323075765235,1.2167552620049231,0.058204506675235045
30.0,25.0,35000.0,1.2435670358233217,14.222804429879861,9.97973484609472,12.4746685576184,0.8788702721482605,1.9523588684910531,0.14551126668808761
30.0,25.0,40000.0,1.1197176091002725,12.73661130920327,8.114714201548932,10.143392751936165,0.981422742403052,2.1801731786715566,0.14551126668808761
30.0,25.0,45000.0,1.0467748052784065,11.861297663340878,6.9730192876206525,8.716274109525816,1.0538475936434113,2.3410607466087816,0.14551126668808761
30.0,25.0,50000.0,0.9992974950724008,11.291569940868811,6.20433933188338,7.755424164854226,1.107020552984168,2.4591813635219997,0.14551126668808761
30.0,25.0,60000.0,0.9417827551457293,10.601393061748752,5.240063643716976,6.55007955464622,1.1790903258838386,2.619280145708447,0.14551126668808761
30.0,25.0,70000.0,0.908221532229133,10.198658386749598,4.664877869672799,5.831097337090999,1.2256514068792004,2.722712861876698,0.14551126668808761
30.0,25.0,80000.0,0.8858355536645753,9.930026643974905,4.286106033084637,5.3576325413557955,1.2588083041634575,2.7963689684899458,0.14551126668808761
30.0,25.0,100000.0,0.8561288966173861,9.573546759408634,3.8208515547967297,4.776064443495912,1.305681197798018,2.9004943581854965,0.14551126668808761
30.0,25.0,120000.0,0.8348938058881484,9.318725670657782,3.544152804526514,4.430191005658142,1.3413851251528108,2.9798085430204235,0.14551126668808761
30.0,25.0,140000.0,0.8168053897634036,9.101664677160842,3.3554873122050775,4.1943591402563465,1.3733751399748588,3.050872488542579,0.14551126668808761
30.0,25.0,150000.0,0.8082647602632381,8.999177123158859,3.2799822483397985,4.099977810424748,1.3890158876673266,3.085617494074031,0.14551126668808761
30.0,25.0,170000.0,0.7915808431156982,8.798970117388379,3.152101229637762,3.9401265370472025,1.4206208037117556,3.155825965201892,0.14551126668808761
30.0,25.0,200000.0,0.7667736340779098,8.50128360893492,2.995357345491011,3.744196681863764,1.470366191155227,3.26633243176423,0.14551126668808761
30.0,25.0,250000.0,0.7250836830385419,8.001004196462503,2.780144375700243,3.4751804696253035,1.5623038924947252,3.4705666540916082,0.14551126668808761
30.0,50.0,35000.0,1.2126746613434114,13.85209593612094,12.457267285723525,15.571584107154406,1.8047810320754143,4.009215427259852,0.29102253337617523
30.0,50.0,40000.0,1.1109399660617938,12.631279592741528,10.750542741785896,13.43817842723237,1.9792135718669441,4.396707104709561,0.29102253337617523
30.0,50.0,45000.0,1.0452097869060717,11.842517442872861,9.664547386492167,12.080684233115209,2.1110376337292758,4.689546542353004,0.29102253337617523
30.0,50.0,50000.0,0.9992970870080368,11.291565044096442,8.91960508209521,11.149506352619012,2.214042066123573,4.91836485997266,0.29102253337617523
30.0,50.0,60000.0,0.9381655569131298,10.557986682957557,7.965089850215756,9.956362312769695,2.367875689818248,5.260097250986732,0.29102253337617523
30.0,50.0,70000.0,0.8971165786159635,10.065398943391564,7.370821336001834,9.213526670002292,2.4837564949587763,5.517519676996185,0.29102253337617523
30.0,50.0,80000.0,0.8654053106265565,9.684863727518678,6.952083293585486,8.690104116981857,2.581347626912367,5.734312664532271,0.29102253337617523
30.0,50.0,100000.0,0.8142969113975871,9.071562936771045,6.362008620441362,7.952510775551702,2.7558646921429575,6.1219921102975015,0.29102253337617523
30.0,50.0,120000.0,0.7701968294656459,8.54236195358775,5.923192569831236,7.403990712289045,2.9265910454075432,6.501250711304114,0.29102253337617523
30.0,50.0,140000.0,0.7293851968186622,8.052622361823948,5.554809485027587,6.943511856284483,3.1045787169308423,6.896639905810815,0.29102253337617523
30.0,50.0,150000.0,0.7098734107053339,7.818480928464006,5.387146764143941,6.733933455179926,3.197552085723565,7.103174802766962,0.29102253337617523
30.0,50.0,170000.0,0.6724772543140461,7.369727051768554,5.076198480619639,6.3452481007745485,3.392255890128334,7.5356979080591975,0.29102253337617523
30.0,50.0,200000.0,0.620442669533467,6.745312034401604,4.658844764223958,5.823555955279947,3.706277763355957,8.233279119444965,0.29102253337617523
30.0,50.0,250000.0,0.5446319749621877,5.835583699546253,4.0692699445726,5.08658743071575,4.284061593006348,9.516792078793728,0.29102253337617523
30.0,75.0,35000.0,1.1659377727135092,13.29125327256211,15.38261732174292,19.22827165217865,2.8214043650355665,6.267584657531027,0.43653380006426284
30.0,75.0,40000.0,1.096758381861636,12.461100582339633,13.967330698403698,17.45916337300462,3.009365003693694,6.6851282148008,0.43653380006426284
30.0,75.0,45000.0,1.0426169496629534,11.811403395955441,12.94008814065472,16.1751101758184,3.174897913726413,7.052849885644836,0.43653380006426284
30.0,75.0,50000.0,0.9992964069018739,11.291556882822489,12.165597103604053,15.206996379505068,3.321065499572308,7.377552622278098,0.43653380006426284
30.0,75.0,60000.0,0.9322284197462933,10.486741036955522,11.054679796893184,13.81834974611648,3.5759441248572,7.943750570067851,0.43653380006426284
30.0,75.0,70000.0,0.8794804243072537,9.853765091687045,10.258060691933402,12.822575864916752,3.8056519158992552,8.454032982859248,0.43653380006426284
30.0,75.0,80000.0,0.8342865534629029,9.311438641554837,9.624111121068948,12.030138901336185,4.0273046350373845,8.94642152488685,0.43653380006426284
30.0,75.0,100000.0,0.7564165560470341,8.37699867256441,8.610535922605163,10.763169903256454,4.4765436244864905,9.94437964557632,0.43653380006426284
30.0,75.0,120000.0,0.6893549964825846,7.572259957791014,7.78948534065218,9.736856675815226,4.952286399176862,11.001214373888306,0.43653380006426284
30.0,75.0,140000.0,0.63064248555517,6.867709826662041,7.094053726493935,8.867567158117419,5.460335533457793,12.129815789109744,0.43653380006426284
30.0,75.0,150000.0,0.6040492995439611,6.548591594527534,6.783935542331573,8.479919427914467,5.726422156382092,12.720911647641016,0.43653380006426284
30.0,75.0,170000.0,0.5558211221181211,5.969853465417452,6.2271530446611605,7.783941305826451,6.281561217077169,13.954120578174727,0.43653380006426284
30.0,75.0,200000.0,0.4943125959379359,5.231751151255231,5.5248707976423335,6.906088497052917,7.167772112211949,15.92278621097691,0.43653380006426284
30.0,75.0,250000.0,0.41451473084609436,4.274176770153132,4.622604316044904,5.77825539505613,8.773619346271557,19.49008184972303,0.43653380006426284
30.0,100.0,35000.0,1.108742035131011,12.604904421572133,18.21912479038949,22.77390598798686,3.9667099668308157,8.811814016127684,0.5820450667523505
30.0,100.0,40000.0,1.0777865840037708,12.23343900804525,17.316422750579903,21.64552843822488,4.087158154556359,9.079382615216641,0.5820450667523505
30.0,100.0,45000.0,1.0390191819107382,11.768230182928859,16.428054348853042,20.5350679360663,4.248727227695684,9.438298854409025,0.5820450667523505
30.0,100.0,50000.0,0.9992954547555795,11.291545457066954,15.614762155026161,19.518452693782702,4.4280918134821725,9.836746783359342,0.5820450667523505
30.0,100.0,60000.0,0.9241026549812968,10.389231859775563,14.213608185180627,17.767010231475783,4.812675342590741,10.691076583245936,0.5820450667523505
30.0,100.0,70000.0,0.8564503639262628,9.577404367115156,13.045010032403253,16.306262540504065,5.220621170771416,11.597304363104337,0.5820450667523505
30.0,100.0,80000.0,0.7958685227875818,8.850422273450981,12.04440557671106,15.055506970888825,5.6494479534594975,12.549917961219448,0.5820450667523505
30.0,100.0,100000.0,0.6928381694451085,7.6140580333413,10.404911321140991,13.00613915142624,6.566800486817192,14.587762920585075,0.5820450667523505
30.0,100.0,120000.0,0.6096736938541232,6.616084326249478,9.117365334738892,11.396706668423615,7.557340193144722,16.788188900990566,0.5820450667523505
30.0,100.0,140000.0,0.5420883667136867,5.80506040056424,8.085896871270092,10.107371089087616,8.613174807817694,19.133663698514347,0.5820450667523505
30.0,100.0,150000.0,0.5130318605121233,5.45638232614548,7.645458272614809,9.556822840768511,9.163580741110055,20.356358263557226,0.5820450667523505
30.0,100.0,170000.0,0.462607557938516,4.8512906952621915,6.884516710484198,8.605645888105247,10.306535547092734,22.895365466850503,0.5820450667523505
30.0,100.0,200000.0,0.4020854582936571,4.125025499523885,5.975767158263115,7.469708947828893,12.121137191944886,26.92639681058437,0.5820450667523505
30.0,100.0,250000.0,0.32883128791955474,3.2459754550346567,4.880881582548489,6.1011019781856115,15.403690105680777,34.21839597760398,0.5820450667523505
36.0,0.0,35000.0,1.2544012790307804,17.363378418043236,10.717588975035532,13.396986218794416,0.0,0.0,0.0
36.0,0.0,40000.0,1.1226900523182963,15.466736753383469,8.393218651175907,10.491523313969884,0.0,0.0,0.0
36.0,0.0,45000.0,1.0472980423780889,14.38109181024448,6.959634491363138,8.699543114203923,0.0,0.0,0.0
36.0,0.0,50000.0,0.9992976310939664,13.689885887753116,5.976590599020198,7.470738248775247,0.0,0.0,0.0
36.0,0.0,60000.0,0.9429978175223029,12.879168572321163,4.699894302203145,5.874867877753931,0.0,0.0,0.0
36.0,0.0,70000.0,0.9120158440423873,12.433028154210376,3.8961260318224564,4.87015753977807,0.0,0.0,0.0
36.0,0.0,80000.0,0.8929740586421728,12.158826444447289,3.337932187309891,4.172415234137364,0.0,0.0,0.0
36.0,0.0,100000.0,0.8715739082464427,11.850664278748775,2.6063508329717853,3.2579385412147315,0.0,0.0,0.0
36.0,0.0,120000.0,0.8603735302130553,11.689378835067997,2.1440477259212254,2.680059657401532,0.0,0.0,0.0
36.0,0.0,140000.0,0.8537581030070033,11.594116683300847,1.8236246616403888,2.279530827050486,0.0,0.0,0.0
36.0,0.0,150000.0,0.8514214722921452,11.56046920100689,1.6973913839645232,2.121739229955654,0.0,0.0,0.0
36.0,0.0,170000.0,0.8479479934001266,11.510451104961824,1.4915882351420393,1.8644852939275491,0.0,0.0,0.0
36.0,0.0,200000.0,0.8445865195091046,11.462045880931107,1.2628239314025382,1.5785299142531728,0.0,0.0,0.0
36.0,0.0,250000.0,0.8414599266728824,11.417022944089508,1.0065192452622715,1.2581490565778395,0.0,0.0,0.0
36.0,5.0,35000.0,1.2539624598011874,17.357059421137098,10.77162456823693,13.464530710296163,0.14403361418210894,0.3199622434854883,0.029102253337617522
36.0,5.0,40000.0,1.1225706997604152,15.465018076549978,8.45139801039741,10.564247512996763,0.16165516183849907,0.35910748019874844,0.029102253337617522
36.0,5.0,45000.0,1.0472770978271926,14.380790208711574,7.021436112246608,8.77679514030826,0.17384302000911978,0.38618209375822077,0.029102253337617522
36.0,5.0,50000.0,0.9992976256531028,13.68988580940468,6.0421928466265875,7.552741058283234,0.1826165707154803,0.40567202312839906,0.029102253337617522
36.0,5.0,60000.0,0.9429491247001008,12.878467395681453,4.773758732486252,5.967198415607815,0.19412247771332847,0.4312317220727873,0.029102253337617522
36.0,5.0,70000.0,0.9118631574988283,12.430829467983129,3.9788487606275527,4.9735609507844405,0.20111288683019948,0.4467605067708338,0.029102253337617522
36.0,5.0,80000.0,0.8926851978557783,12.15466684912321,3.429836842780373,4.287296053475466,0.2056823137180712,0.4569112211494774,0.029102253337617522
36.0,5.0,100000.0,0.870939981370632,11.841535731737102,2.71700256829787,3.3962532103723375,0.2111212647274815,0.46899353247007153,0.029102253337617522
36.0,5.0,120000.0,0.8593091886622376,11.674052316736223,2.2734557808390483,2.8418197260488105,0.21415014531123314,0.47572201340370623,0.029102253337617522
36.0,5.0,140000.0,0.8521825483489736,11.571428696225219,1.9714817547386632,2.464352193423329,0.2160493803859794,0.47994105295827727,0.029102253337617522
36.0,5.0,150000.0,0.8495606022885824,11.533672672955587,1.8543006016063968,2.317875752007996,0.21675662825615433,0.48151216270600183,0.029102253337617522
36.0,5.0,170000.0,0.8454577752781953,11.474591964006013,1.6661841417612016,2.082730177201502,0.2178726710145429,0.48399138637075173,0.029102253337617522
36.0,5.0,200000.0,0.8410070702365546,11.410501811406387,1.462768532562852,1.8284606657035651,0.2190964114742878,0.486709854175419,0.029102253337617522
36.0,5.0,250000.0,0.8356842274364715,11.333852875085192,1.2452432346248659,1.5565540432810823,0.22057812356958167,0.4900013908691411,0.029102253337617522
36.0,10.0,35000.0,1.2526487601353928,17.338142145949657,10.93168404881574,13.664605061019675,0.2883815323412863,0.6406226948595328,0.058204506675235045
36.0,10.0,40000.0,1.1222128703468348,15.459865332994422,8.623436475485798,10.779295594357247,0.3234180823896963,0.7184543400705392,0.058204506675235045
36.0,10.0,45000.0,1.047214271713231,14.379885512670525,7.203631645898712,9.00453955737339,0.3477079143359214,0.772412780032848,0.058204506675235045
36.0,10.0,50000.0,0.9992976093305123,13.689885574359378,6.234859414243618,7.793574267804523,0.365233147701746,0.8113440601869807,0.058204506675235045
36.0,10.0,60000.0,0.9428030914786545,12.876364517292627,4.9887075962772505,6.235884495346563,0.38830836089527665,0.8626042956829328,0.058204506675235045
36.0,10.0,70000.0,0.9114055575782726,12.424240029127127,4.216982456198281,5.271228070247851,0.40243910197147714,0.8939949098984252,0.058204506675235045
36.0,10.0,80000.0,0.8918202945414428,12.142212241396777,3.691196349392927,4.613995436741159,0.4117865756746833,0.9147597756138546,0.058204506675235045
36.0,10.0,100000.0,0.8690464680783777,11.81426914032864,3.0230752435467085,3.7788440544333857,0.423217038702143,0.94015188019383,0.058204506675235045
36.0,10.0,120000.0,0.8561397086786056,11.62841180497192,2.6204476300719066,3.275559537589883,0.4299813322626025,0.95517836241806,0.058204506675235045
36.0,10.0,140000.0,0.8475077110456684,11.504111039057626,2.354906003171211,2.9436325039640137,0.4346272374305578,0.9654989688195652,0.058204506675235045
36.0,10.0,150000.0,0.844050357523833,11.454325148343194,2.2542154573603677,2.8177693217004594,0.4365163320619742,0.9696954819728084,0.058204506675235045
36.0,10.0,170000.0,0.8381167296363803,11.368880906763877,2.0957196176136237,2.6196495220170295,0.43979702496709827,0.9769833492395649,0.058204506675235045
36.0,10.0,200000.0,0.8305357556448091,11.259714881285252,1.9288984994483829,2.4111231243104787,0.44406097780597353,0.9864554708980402,0.058204506675235045
36.0,10.0,250000.0,0.819045566121344,11.094256152147356,1.7545684275134248,2.193210534391781,0.4506836629179706,1.001167378242484,0.058204506675235045
36.0,25.0,35000.0,1.2435670358233217,17.207365315855835,11.975681815313663,14.96960226914208,0.7264331157357249,1.6137286478077368,0.14551126668808761
36.0,25.0,40000.0,1.1197176091002725,15.423933571043925,9.737657041858718,12.172071302323397,0.810428801603946,1.8003201476191515,0.14551126668808761
36.0,25.0,45000.0,1.0467748052784065,14.373557196009054,8.367623145144783,10.45952893143098,0.8696525035201959,1.931882135008293,0.14551126668808761
36.0,25.0,50000.0,0.9992974950724008,13.689883929042573,7.445207198260056,9.30650899782507,0.9130829789931032,2.028360394245636,0.14551126668808761
36.0,25.0,60000.0,0.9417827551457293,12.861671674098503,6.28807637246037,7.860095465575463,0.9718798859694999,2.1589742816565947,0.14551126668808761
36.0,25.0,70000.0,0.908221532229133,12.378390064099518,5.5978534436073595,6.997316804509199,1.0098243741933115,2.243265741319956,0.14551126668808761
36.0,25.0,80000.0,0.8858355536645753,12.056031972769887,5.143327239701564,6.429159049626954,1.0368253856851801,2.303246907955077,0.14551126668808761
36.0,25.0,100000.0,0.8561288966173861,11.628256111290362,4.585021865756075,5.731277332195094,1.074967723480327,2.3879778788608426,0.14551126668808761
36.0,25.0,120000.0,0.8348938058881484,11.322470804789338,4.252983365431816,5.31622920678977,1.1039993138876167,2.452469857704917,0.14551126668808761
36.0,25.0,140000.0,0.8168053897634036,11.06199761259301,4.026584774646093,5.033230968307616,1.1299948199021452,2.5102173527752885,0.14551126668808761
36.0,25.0,150000.0,0.8082647602632381,10.93901254779063,3.9359786980077582,4.9199733725096975,1.1426991189003293,2.538439209405435,0.14551126668808761
36.0,25.0,170000.0,0.7915808431156982,10.698764140866054,3.7825214755653147,4.728151844456644,1.1683592455556402,2.595441678859367,0.14551126668808761
36.0,25.0,200000.0,0.7667736340779098,10.341540330721902,3.594428814589213,4.493036018236516,1.2087174250885917,2.6850950124904083,0.14551126668808761
36.0,25.0,250000.0,0.7250836830385419,9.741205035755003,3.3361732508402917,4.1702165635503645,1.2832087974864368,2.850573236223602,0.14551126668808761
36.0,50.0,35000.0,1.2126746613434114,16.762515123345125,14.948720742868229,18.685900928585287,1.491422964635095,3.3131088215774156,0.29102253337617523
36.0,50.0,40000.0,1.1109399660617938,15.297535511289832,12.900651290143076,16.125814112678846,1.6342501693524156,3.6303910970491335,0.29102253337617523
36.0,50.0,45000.0,1.0452097869060717,14.351020931447431,11.597456863790601,14.49682107973825,1.742036341485464,3.8698317696187945,0.29102253337617523
36.0,50.0,50000.0,0.9992970870080368,13.68987805291573,10.703526098514251,13.379407623142814,1.8261667418341532,4.056722529763606,0.29102253337617523
36.0,50.0,60000.0,0.9381655569131298,12.80958401954907,9.558107820258908,11.947634775323635,1.9516636888322672,4.335506652068049,0.29102253337617523
36.0,50.0,70000.0,0.8971165786159635,12.218478732069876,8.8449856032022,11.056232004002752,2.0460812305858034,4.545249694727869,0.29102253337617523
36.0,50.0,80000.0,0.8654053106265565,11.761836473022413,8.342499952302584,10.428124940378229,2.1255184135012724,4.721714747043121,0.29102253337617523
36.0,50.0,100000.0,0.8142969113975871,11.025875524125254,7.634410344529634,9.543012930662043,2.267393636477988,5.036882250798452,0.29102253337617523
36.0,50.0,120000.0,0.7701968294656459,10.390834344305302,7.107831083797483,8.884788854746853,2.405966563570639,5.344713897533754,0.29102253337617523
36.0,50.0,140000.0,0.7293851968186622,9.803146834188738,6.665771382033104,8.33221422754138,2.5502015243525507,5.665123420705702,0.29102253337617523
36.0,50.0,150000.0,0.7098734107053339,9.52217711415681,6.4645761169727285,8.08072014621591,2.625450010043607,5.832283527305226,0.29102253337617523
36.0,50.0,170000.0,0.6724772543140461,8.983672462122264,6.091438176743567,7.614297720929458,2.782826300202635,6.18188574451433,0.29102253337617523
36.0,50.0,200000.0,0.620442669533467,8.234374441281927,5.5906137170687495,6.988267146335937,3.0360533369318095,6.744414784996554,0.29102253337617523
36.0,50.0,250000.0,0.5446319749621877,7.142700439455504,4.88312393348712,6.1039049168589,3.5000767863513786,7.775215718162352,0.29102253337617523
36.0,75.0,35000.0,1.1659377727135092,16.08950392707453,18.459140786091503,23.073925982614377,2.33071200765221,5.177540306279417,0.43653380006426284
36.0,75.0,40000.0,1.096758381861636,15.09332069880756,16.760796838084435,20.950996047605543,2.484542715836063,5.519266220656847,0.43653380006426284
36.0,75.0,45000.0,1.0426169496629534,14.31368407514653,15.528105768785663,19.410132210982077,2.619870593980265,5.819889181088872,0.43653380006426284
36.0,75.0,50000.0,0.9992964069018739,13.689868259386984,14.598716524324862,18.248395655406078,2.73925207237014,6.08508814782412,0.43653380006426284
36.0,75.0,60000.0,0.9322284197462933,12.724089244346624,13.26561575627182,16.582019695339774,2.9471657483588807,6.546956209654201,0.43653380006426284
36.0,75.0,70000.0,0.8794804243072537,11.964518110024454,12.309672830320082,15.387091037900102,3.1342674778168194,6.9625917504085,0.43653380006426284
36.0,75.0,80000.0,0.8342865534629029,11.313726369865803,11.548933345282737,14.43616668160342,3.314557801210531,7.363096151268988,0.43653380006426284
36.0,75.0,100000.0,0.7564165560470341,10.192398407077292,10.332643107126193,12.915803883907742,3.679212536860916,8.173155302938861,0.43653380006426284
36.0,75.0,120000.0,0.6893549964825846,9.226711949349218,9.347382408782616,11.68422801097827,4.064286411655559,9.028574377066684,0.43653380006426284
36.0,75.0,140000.0,0.63064248555517,8.38125179199445,8.51286447179272,10.641080589740902,4.474271974005006,9.939333306993497,0.43653380006426284
36.0,75.0,150000.0,0.6040492995439611,7.998309913433039,8.140722650797887,10.175903313497358,4.688490494350478,10.41520721153371,0.43653380006426284
36.0,75.0,170000.0,0.5558211221181211,7.303824158500944,7.472583653593393,9.34072956699174,5.134296662434519,11.405539520486885,0.43653380006426284
36.0,75.0,200000.0,0.4943125959379359,6.418101381506276,6.629844957170801,8.2873061964635,5.842849430215615,12.979548021866643,0.43653380006426284
36.0,75.0,250000.0,0.41451473084609436,5.269012124183758,5.547125179253885,6.933906474067356,7.117083642279388,15.810184741864546,0.43653380006426284
36.0,100.0,35000.0,1.108742035131011,15.26588530588656,21.86294974846739,27.328687185584236,3.275276801714204,7.27583571004097,0.5820450667523505
36.0,100.0,40000.0,1.0777865840037708,14.820126809654301,20.779707300695883,25.974634125869855,3.3737902949270593,7.4946776691278565,0.5820450667523505
36.0,100.0,45000.0,1.0390191819107382,14.261876219514631,19.71366521862365,24.64208152327956,3.5058500880539567,7.788040769977965,0.5820450667523505
36.0,100.0,50000.0,0.9992954547555795,13.689854548480344,18.73771458603139,23.422143232539238,3.6523397544461345,8.113458989693124,0.5820450667523505
36.0,100.0,60000.0,0.9241026549812968,12.607078231730675,17.056329822216753,21.32041227777094,3.966025995948476,8.810294614846011,0.5820450667523505
36.0,100.0,70000.0,0.8564503639262628,11.632885240538187,15.654012038883904,19.56751504860488,4.298159825883986,9.548110477948846,0.5820450667523505
36.0,100.0,80000.0,0.7958685227875818,10.760506728141179,14.453286692053272,18.06660836506659,4.64662132213891,10.322197296106916,0.5820450667523505
36.0,100.0,100000.0,0.6928381694451085,9.276869640009563,12.485893585369189,15.607366981711486,5.389749122307216,11.973012208226377,0.5820450667523505
36.0,100.0,120000.0,0.6096736938541232,8.079301191499376,10.940838401686669,13.676048002108336,6.188654045056202,13.747732733472477,0.5820450667523505
36.0,100.0,140000.0,0.5420883667136867,7.106072480677088,9.70307624552411,12.128845306905138,7.036235576819764,15.630585496557709,0.5820450667523505
36.0,100.0,150000.0,0.5130318605121233,6.687658791374576,9.17454992713777,11.468187408922212,7.476457989227503,16.60851381909834,0.5820450667523505
36.0,100.0,170000.0,0.462607557938516,5.9615488343146295,8.261420052581038,10.326775065726297,8.387082181093675,18.63141216165657,0.5820450667523505
36.0,100.0,200000.0,0.4020854582936571,5.090030599428663,7.170920589915737,8.963650737394671,9.823123657765892,21.82149424925394,0.5820450667523505
36.0,100.0,250000.0,0.32883128791955474,4.035170546041589,5.857057899058186,7.321322373822733,12.391050001355921,27.52599231844571,0.5820450667523505
