candidate,kp_hz_per_v,ki_step_hz_per_v_step,ki_cont_hz_per_v_s,worst_overshoot_v,worst_settle_ms,worst_ss_err_v,worst_ripple_pp_hz,gain_sweep,cycle_sweep
A,100,100,5000000.0,2.4800701494929314,8.38,4.41689606848375,86.04809834220214,0.25x:nf4;0.5x:nf4;1.0x:nf4;2.0x:nf4;4.0x:nf4,18.0us:fail0;20.0us:fail0;22.0us:fail0;25.0us:fail0
C,10000,100,5000000.0,2.4502631762134435,7.78,4.41689606848375,596.0174976531998,0.25x:nf4;0.5x:nf4;1.0x:nf4;2.0x:nf4;4.0x:nf4,18.0us:fail0;20.0us:fail0;22.0us:fail0;25.0us:fail0
B,300,100,5000000.0,2.468326387853356,8.360000000000001,4.41689606848375,95.10762068399345,0.25x:nf4;0.5x:nf4;1.0x:nf4;2.0x:nf4;4.0x:nf4,18.0us:fail0;20.0us:fail0;22.0us:fail0;25.0us:fail0
MODEL_A,24.0,5.0,10.0,UNREACHABLE,7.32,7.48,,,
MODEL_A,24.0,5.0,12.0,UNREACHABLE,7.36,7.51,,,
MODEL_A,24.0,5.0,15.0,UNREACHABLE,7.39,7.53,,,
MODEL_A,24.0,25.0,10.0,UNREACHABLE,6.07,6.82,,,
MODEL_A,24.0,25.0,12.0,UNREACHABLE,6.65,7.13,,,
MODEL_A,24.0,25.0,15.0,UNREACHABLE,7.04,7.33,,,
MODEL_A,24.0,50.0,10.0,UNREACHABLE,4.23,5.59,,,
MODEL_A,24.0,50.0,12.0,UNREACHABLE,5.31,6.36,,,
MODEL_A,24.0,50.0,15.0,UNREACHABLE,6.29,6.94,,,
MODEL_A,24.0,75.0,10.0,UNREACHABLE,2.96,4.43,,,
MODEL_A,24.0,75.0,12.0,UNREACHABLE,4.11,5.49,,,
MODEL_A,24.0,75.0,15.0,UNREACHABLE,5.41,6.43,,,
MODEL_A,24.0,100.0,10.0,UNREACHABLE,2.15,3.5,,,
MODEL_A,24.0,100.0,12.0,UNREACHABLE,3.2,4.67,,,
MODEL_A,24.0,100.0,15.0,UNREACHABLE,4.6,5.87,,,
MODEL_A,30.0,5.0,10.0,UNREACHABLE,9.32,9.53,,,
MODEL_A,30.0,5.0,12.0,UNREACHABLE,9.38,9.56,,,
MODEL_A,30.0,5.0,15.0,UNREACHABLE,9.41,9.59,,,
MODEL_A,30.0,25.0,10.0,UNREACHABLE,7.76,8.69,,,
MODEL_A,30.0,25.0,12.0,UNREACHABLE,8.48,9.08,,,
MODEL_A,30.0,25.0,15.0,UNREACHABLE,8.98,9.34,,,
MODEL_A,30.0,50.0,10.0,UNREACHABLE,5.46,7.15,,,
MODEL_A,30.0,50.0,12.0,UNREACHABLE,6.8,8.12,,,
MODEL_A,30.0,50.0,15.0,UNREACHABLE,8.03,8.84,,,
MODEL_A,30.0,75.0,10.0,UNREACHABLE,3.86,5.69,,,
MODEL_A,30.0,75.0,12.0,UNREACHABLE,5.29,7.02,,,
MODEL_A,30.0,75.0,15.0,UNREACHABLE,6.94,8.2,,,
MODEL_A,30.0,100.0,10.0,UNREACHABLE,2.84,4.53,,,
MODEL_A,30.0,100.0,12.0,UNREACHABLE,4.16,5.99,,,
MODEL_A,30.0,100.0,15.0,UNREACHABLE,5.91,7.51,,,
MODEL_A,36.0,5.0,10.0,UNREACHABLE,11.32,11.57,,,
MODEL_A,36.0,5.0,12.0,UNREACHABLE,11.39,11.61,,,
MODEL_A,36.0,5.0,15.0,UNREACHABLE,11.44,11.64,,,
MODEL_A,36.0,25.0,10.0,REACH,9.44,10.57,,,
MODEL_A,36.0,25.0,12.0,UNREACHABLE,10.31,11.04,,,
MODEL_A,36.0,25.0,15.0,UNREACHABLE,10.91,11.35,,,
MODEL_A,36.0,50.0,10.0,UNREACHABLE,6.68,8.72,,,
MODEL_A,36.0,50.0,12.0,UNREACHABLE,8.29,9.88,,,
MODEL_A,36.0,50.0,15.0,UNREACHABLE,9.77,10.75,,,
MODEL_A,36.0,75.0,10.0,UNREACHABLE,4.76,6.95,,,
MODEL_A,36.0,75.0,12.0,UNREACHABLE,6.48,8.56,,,
MODEL_A,36.0,75.0,15.0,UNREACHABLE,8.46,9.98,,,
MODEL_A,36.0,100.0,10.0,UNREACHABLE,3.52,5.55,,,
MODEL_A,36.0,100.0,12.0,UNREACHABLE,5.11,7.32,,,
MODEL_A,36.0,100.0,15.0,UNREACHABLE,7.23,9.14,,,
MODEL_B,24.0,5.0,10.0,UNREACHABLE,8.3,9.6,,,
MODEL_B,24.0,5.0,12.0,UNREACHABLE,8.32,9.63,,,
MODEL_B,24.0,5.0,15.0,UNREACHABLE,8.34,9.65,,,
MODEL_B,24.0,25.0,10.0,UNREACHABLE,7.87,9.09,,,
MODEL_B,24.0,25.0,12.0,UNREACHABLE,8.06,9.32,,,
MODEL_B,24.0,25.0,15.0,UNREACHABLE,8.19,9.47,,,
MODEL_B,24.0,50.0,10.0,UNREACHABLE,7.1,8.4,,,
MODEL_B,24.0,50.0,12.0,UNREACHABLE,7.59,8.76,,,
MODEL_B,24.0,50.0,15.0,UNREACHABLE,7.94,9.18,,,
MODEL_B,24.0,75.0,10.0,UNREACHABLE,6.23,8.05,,,
MODEL_B,24.0,75.0,12.0,UNREACHABLE,7.03,8.37,,,
MODEL_B,24.0,75.0,15.0,UNREACHABLE,7.64,8.81,,,
MODEL_B,24.0,100.0,10.0,UNREACHABLE,5.38,7.76,,,
MODEL_B,24.0,100.0,12.0,UNREACHABLE,6.42,8.12,,,
MODEL_B,24.0,100.0,15.0,UNREACHABLE,7.29,8.5,,,
MODEL_B,30.0,5.0,10.0,UNREACHABLE,10.54,12.17,,,
MODEL_B,30.0,5.0,12.0,REACH,10.57,12.21,,,
MODEL_B,30.0,5.0,15.0,UNREACHABLE,10.6,12.23,,,
MODEL_B,30.0,25.0,10.0,REACH,10.01,11.53,,,
MODEL_B,30.0,25.0,12.0,UNREACHABLE,10.24,11.82,,,
MODEL_B,30.0,25.0,15.0,UNREACHABLE,10.41,12.01,,,
MODEL_B,30.0,50.0,10.0,REACH,9.04,10.66,,,
MODEL_B,30.0,50.0,12.0,UNREACHABLE,9.66,11.12,,,
MODEL_B,30.0,50.0,15.0,UNREACHABLE,10.1,11.64,,,
MODEL_B,30.0,75.0,10.0,REACH,7.94,10.22,,,
MODEL_B,30.0,75.0,12.0,UNREACHABLE,8.95,10.62,,,
MODEL_B,30.0,75.0,15.0,UNREACHABLE,9.71,11.18,,,
MODEL_B,30.0,100.0,10.0,REACH,6.87,9.86,,,
MODEL_B,30.0,100.0,12.0,UNREACHABLE,8.19,10.31,,,
MODEL_B,30.0,100.0,15.0,UNREACHABLE,9.27,10.8,,,
MODEL_B,36.0,5.0,10.0,UNREACHABLE,12.79,14.75,,,
MODEL_B,36.0,5.0,12.0,UNREACHABLE,12.83,14.79,,,
MODEL_B,36.0,5.0,15.0,UNREACHABLE,12.85,14.82,,,
MODEL_B,36.0,25.0,10.0,UNREACHABLE,12.14,13.98,,,
MODEL_B,36.0,25.0,12.0,UNREACHABLE,12.43,14.32,,,
MODEL_B,36.0,25.0,15.0,UNREACHABLE,12.63,14.56,,,
MODEL_B,36.0,50.0,10.0,UNREACHABLE,10.98,12.93,,,
MODEL_B,36.0,50.0,12.0,REACH,11.72,13.47,,,
MODEL_B,36.0,50.0,15.0,UNREACHABLE,12.25,14.11,,,
MODEL_B,36.0,75.0,10.0,REACH,9.65,12.39,,,
MODEL_B,36.0,75.0,12.0,REACH,10.87,12.87,,,
MODEL_B,36.0,75.0,15.0,UNREACHABLE,11.79,13.55,,,
MODEL_B,36.0,100.0,10.0,REACH,8.37,11.95,,,
MODEL_B,36.0,100.0,12.0,REACH,9.95,12.49,,,
MODEL_B,36.0,100.0,15.0,UNREACHABLE,11.26,13.09,,,
MODEL_B1_LO,24.0,5.0,10.0,UNREACHABLE,8.68,9.6,,,
MODEL_B1_LO,24.0,5.0,12.0,UNREACHABLE,8.7,9.63,,,
MODEL_B1_LO,24.0,5.0,15.0,UNREACHABLE,8.72,9.65,,,
MODEL_B1_LO,24.0,25.0,10.0,UNREACHABLE,8.41,9.08,,,
MODEL_B1_LO,24.0,25.0,12.0,UNREACHABLE,8.52,9.31,,,
MODEL_B1_LO,24.0,25.0,15.0,UNREACHABLE,8.6,9.47,,,
MODEL_B1_LO,24.0,50.0,10.0,UNREACHABLE,8.08,8.39,,,
MODEL_B1_LO,24.0,50.0,12.0,UNREACHABLE,8.29,8.74,,,
MODEL_B1_LO,24.0,50.0,15.0,UNREACHABLE,8.45,9.17,,,
MODEL_B1_LO,24.0,75.0,10.0,UNREACHABLE,7.05,8.05,,,
MODEL_B1_LO,24.0,75.0,12.0,UNREACHABLE,8.04,8.36,,,
MODEL_B1_LO,24.0,75.0,15.0,UNREACHABLE,8.3,8.79,,,
MODEL_B1_LO,24.0,100.0,10.0,UNREACHABLE,6.04,7.76,,,
MODEL_B1_LO,24.0,100.0,12.0,UNREACHABLE,7.29,8.11,,,
MODEL_B1_LO,24.0,100.0,15.0,UNREACHABLE,8.16,8.49,,,
MODEL_B1_LO,30.0,5.0,10.0,UNREACHABLE,11.02,12.17,,,
MODEL_B1_LO,30.0,5.0,12.0,REACH,11.05,12.21,,,
MODEL_B1_LO,30.0,5.0,15.0,UNREACHABLE,11.07,12.23,,,
MODEL_B1_LO,30.0,25.0,10.0,UNREACHABLE,10.69,11.52,,,
MODEL_B1_LO,30.0,25.0,12.0,UNREACHABLE,10.82,11.81,,,
MODEL_B1_LO,30.0,25.0,15.0,UNREACHABLE,10.92,12.01,,,
MODEL_B1_LO,30.0,50.0,10.0,UNREACHABLE,10.26,10.65,,,
MODEL_B1_LO,30.0,50.0,12.0,UNREACHABLE,10.52,11.09,,,
MODEL_B1_LO,30.0,50.0,15.0,UNREACHABLE,10.73,11.63,,,
MODEL_B1_LO,30.0,75.0,10.0,REACH,8.97,10.21,,,
MODEL_B1_LO,30.0,75.0,12.0,UNREACHABLE,10.21,10.61,,,
MODEL_B1_LO,30.0,75.0,15.0,UNREACHABLE,10.55,11.15,,,
MODEL_B1_LO,30.0,100.0,10.0,REACH,7.7,9.86,,,
MODEL_B1_LO,30.0,100.0,12.0,UNREACHABLE,9.27,10.3,,,
MODEL_B1_LO,30.0,100.0,15.0,UNREACHABLE,10.36,10.78,,,
MODEL_B1_LO,36.0,5.0,10.0,UNREACHABLE,13.37,14.75,,,
MODEL_B1_LO,36.0,5.0,12.0,UNREACHABLE,13.4,14.79,,,
MODEL_B1_LO,36.0,5.0,15.0,UNREACHABLE,13.42,14.82,,,
MODEL_B1_LO,36.0,25.0,10.0,UNREACHABLE,12.96,13.95,,,
MODEL_B1_LO,36.0,25.0,12.0,UNREACHABLE,13.12,14.31,,,
MODEL_B1_LO,36.0,25.0,15.0,UNREACHABLE,13.24,14.55,,,
MODEL_B1_LO,36.0,50.0,10.0,UNREACHABLE,12.45,12.92,,,
MODEL_B1_LO,36.0,50.0,12.0,UNREACHABLE,12.76,13.44,,,
MODEL_B1_LO,36.0,50.0,15.0,UNREACHABLE,13.02,14.09,,,
MODEL_B1_LO,36.0,75.0,10.0,UNREACHABLE,10.89,12.38,,,
MODEL_B1_LO,36.0,75.0,12.0,UNREACHABLE,12.38,12.86,,,
MODEL_B1_LO,36.0,75.0,15.0,UNREACHABLE,12.79,13.51,,,
MODEL_B1_LO,36.0,100.0,10.0,REACH,9.36,11.95,,,
MODEL_B1_LO,36.0,100.0,12.0,REACH,11.25,12.49,,,
MODEL_B1_LO,36.0,100.0,15.0,UNREACHABLE,12.56,13.07,,,
MODEL_B2_HI,24.0,5.0,10.0,UNREACHABLE,8.04,9.31,,,
MODEL_B2_HI,24.0,5.0,12.0,UNREACHABLE,8.07,9.33,,,
MODEL_B2_HI,24.0,5.0,15.0,UNREACHABLE,8.09,9.35,,,
MODEL_B2_HI,24.0,25.0,10.0,UNREACHABLE,7.37,8.95,,,
MODEL_B2_HI,24.0,25.0,12.0,UNREACHABLE,7.69,9.1,,,
MODEL_B2_HI,24.0,25.0,15.0,UNREACHABLE,7.89,9.21,,,
MODEL_B2_HI,24.0,50.0,10.0,UNREACHABLE,6.13,8.41,,,
MODEL_B2_HI,24.0,50.0,12.0,UNREACHABLE,6.91,8.74,,,
MODEL_B2_HI,24.0,50.0,15.0,UNREACHABLE,7.49,9.0,,,
MODEL_B2_HI,24.0,75.0,10.0,UNREACHABLE,4.91,8.05,,,
MODEL_B2_HI,24.0,75.0,12.0,UNREACHABLE,6.02,8.37,,,
MODEL_B2_HI,24.0,75.0,15.0,UNREACHABLE,6.98,8.77,,,
MODEL_B2_HI,24.0,100.0,10.0,UNREACHABLE,3.92,7.77,,,
MODEL_B2_HI,24.0,100.0,12.0,UNREACHABLE,5.16,8.12,,,
MODEL_B2_HI,24.0,100.0,15.0,UNREACHABLE,6.41,8.51,,,
MODEL_B2_HI,30.0,5.0,10.0,UNREACHABLE,10.23,11.81,,,
MODEL_B2_HI,30.0,5.0,12.0,UNREACHABLE,10.27,11.84,,,
MODEL_B2_HI,30.0,5.0,15.0,UNREACHABLE,10.29,11.86,,,
MODEL_B2_HI,30.0,25.0,10.0,REACH,9.39,11.35,,,
MODEL_B2_HI,30.0,25.0,12.0,UNREACHABLE,9.78,11.54,,,
MODEL_B2_HI,30.0,25.0,15.0,UNREACHABLE,10.04,11.68,,,
MODEL_B2_HI,30.0,50.0,10.0,REACH,7.82,10.67,,,
MODEL_B2_HI,30.0,50.0,12.0,UNREACHABLE,8.81,11.09,,,
MODEL_B2_HI,30.0,50.0,15.0,UNREACHABLE,9.54,11.42,,,
MODEL_B2_HI,30.0,75.0,10.0,REACH,6.29,10.22,,,
MODEL_B2_HI,30.0,75.0,12.0,UNREACHABLE,7.68,10.63,,,
MODEL_B2_HI,30.0,75.0,15.0,UNREACHABLE,8.89,11.13,,,
MODEL_B2_HI,30.0,100.0,10.0,REACH,5.05,9.86,,,
MODEL_B2_HI,30.0,100.0,12.0,UNREACHABLE,6.61,10.31,,,
MODEL_B2_HI,30.0,100.0,15.0,UNREACHABLE,8.18,10.81,,,
MODEL_B2_HI,36.0,5.0,10.0,UNREACHABLE,12.41,14.31,,,
MODEL_B2_HI,36.0,5.0,12.0,UNREACHABLE,12.46,14.34,,,
MODEL_B2_HI,36.0,5.0,15.0,UNREACHABLE,12.49,14.37,,,
MODEL_B2_HI,36.0,25.0,10.0,UNREACHABLE,11.4,13.76,,,
MODEL_B2_HI,36.0,25.0,12.0,REACH,11.87,13.98,,,
MODEL_B2_HI,36.0,25.0,15.0,UNREACHABLE,12.18,14.16,,,
MODEL_B2_HI,36.0,50.0,10.0,REACH,9.51,12.94,,,
MODEL_B2_HI,36.0,50.0,12.0,REACH,10.7,13.44,,,
MODEL_B2_HI,36.0,50.0,15.0,UNREACHABLE,11.58,13.84,,,
MODEL_B2_HI,36.0,75.0,10.0,REACH,7.68,12.39,,,
MODEL_B2_HI,36.0,75.0,12.0,REACH,9.35,12.88,,,
MODEL_B2_HI,36.0,75.0,15.0,UNREACHABLE,10.8,13.49,,,
MODEL_B2_HI,36.0,100.0,10.0,REACH,6.19,11.95,,,
MODEL_B2_HI,36.0,100.0,12.0,REACH,8.06,12.5,,,
MODEL_B2_HI,36.0,100.0,15.0,UNREACHABLE,9.95,13.1,,,
MODEL_B3_LR,24.0,5.0,10.0,UNREACHABLE,8.47,9.52,,,
MODEL_B3_LR,24.0,5.0,12.0,UNREACHABLE,8.49,9.54,,,
MODEL_B3_LR,24.0,5.0,15.0,UNREACHABLE,8.51,9.56,,,
MODEL_B3_LR,24.0,25.0,10.0,UNREACHABLE,8.14,9.04,,,
MODEL_B3_LR,24.0,25.0,12.0,UNREACHABLE,8.27,9.25,,,
MODEL_B3_LR,24.0,25.0,15.0,UNREACHABLE,8.38,9.4,,,
MODEL_B3_LR,24.0,50.0,10.0,UNREACHABLE,7.6,8.39,,,
MODEL_B3_LR,24.0,50.0,12.0,UNREACHABLE,7.94,8.73,,,
MODEL_B3_LR,24.0,50.0,15.0,UNREACHABLE,8.19,9.12,,,
MODEL_B3_LR,24.0,75.0,10.0,UNREACHABLE,6.98,8.04,,,
MODEL_B3_LR,24.0,75.0,12.0,UNREACHABLE,7.55,8.35,,,
MODEL_B3_LR,24.0,75.0,15.0,UNREACHABLE,7.97,8.78,,,
MODEL_B3_LR,24.0,100.0,10.0,UNREACHABLE,6.25,7.76,,,
MODEL_B3_LR,24.0,100.0,12.0,UNREACHABLE,7.12,8.11,,,
MODEL_B3_LR,24.0,100.0,15.0,UNREACHABLE,7.73,8.49,,,
MODEL_B3_LR,30.0,5.0,10.0,UNREACHABLE,10.76,12.07,,,
MODEL_B3_LR,30.0,5.0,12.0,REACH,10.79,12.1,,,
MODEL_B3_LR,30.0,5.0,15.0,UNREACHABLE,10.81,12.13,,,
MODEL_B3_LR,30.0,25.0,10.0,UNREACHABLE,10.34,11.47,,,
MODEL_B3_LR,30.0,25.0,12.0,UNREACHABLE,10.51,11.73,,,
MODEL_B3_LR,30.0,25.0,15.0,UNREACHABLE,10.65,11.92,,,
MODEL_B3_LR,30.0,50.0,10.0,REACH,9.66,10.65,,,
MODEL_B3_LR,30.0,50.0,12.0,UNREACHABLE,10.09,11.08,,,
MODEL_B3_LR,30.0,50.0,15.0,UNREACHABLE,10.4,11.57,,,
MODEL_B3_LR,30.0,75.0,10.0,REACH,8.88,10.21,,,
MODEL_B3_LR,30.0,75.0,12.0,UNREACHABLE,9.6,10.61,,,
MODEL_B3_LR,30.0,75.0,15.0,UNREACHABLE,10.13,11.14,,,
MODEL_B3_LR,30.0,100.0,10.0,REACH,7.96,9.86,,,
MODEL_B3_LR,30.0,100.0,12.0,UNREACHABLE,9.06,10.3,,,
MODEL_B3_LR,30.0,100.0,15.0,UNREACHABLE,9.82,10.78,,,
MODEL_B3_LR,36.0,5.0,10.0,UNREACHABLE,13.05,14.62,,,
MODEL_B3_LR,36.0,5.0,12.0,UNREACHABLE,13.08,14.66,,,
MODEL_B3_LR,36.0,5.0,15.0,UNREACHABLE,13.11,14.7,,,
MODEL_B3_LR,36.0,25.0,10.0,UNREACHABLE,12.54,13.9,,,
MODEL_B3_LR,36.0,25.0,12.0,UNREACHABLE,12.75,14.22,,,
MODEL_B3_LR,36.0,25.0,15.0,UNREACHABLE,12.91,14.44,,,
MODEL_B3_LR,36.0,50.0,10.0,UNREACHABLE,11.72,12.91,,,
MODEL_B3_LR,36.0,50.0,12.0,UNREACHABLE,12.24,13.43,,,
MODEL_B3_LR,36.0,50.0,15.0,UNREACHABLE,12.62,14.02,,,
MODEL_B3_LR,36.0,75.0,10.0,UNREACHABLE,10.79,12.38,,,
MODEL_B3_LR,36.0,75.0,12.0,REACH,11.65,12.86,,,
MODEL_B3_LR,36.0,75.0,15.0,UNREACHABLE,12.29,13.5,,,
MODEL_B3_LR,36.0,100.0,10.0,REACH,9.68,11.95,,,
MODEL_B3_LR,36.0,100.0,12.0,REACH,11.0,12.49,,,
MODEL_B3_LR,36.0,100.0,15.0,UNREACHABLE,11.92,13.06,,,
MODEL_B4_LM,24.0,5.0,10.0,UNREACHABLE,8.34,9.52,,,
MODEL_B4_LM,24.0,5.0,12.0,UNREACHABLE,8.36,9.55,,,
MODEL_B4_LM,24.0,5.0,15.0,UNREACHABLE,8.38,9.57,,,
MODEL_B4_LM,24.0,25.0,10.0,UNREACHABLE,7.91,9.02,,,
MODEL_B4_LM,24.0,25.0,12.0,UNREACHABLE,8.1,9.25,,,
MODEL_B4_LM,24.0,25.0,15.0,UNREACHABLE,8.23,9.4,,,
MODEL_B4_LM,24.0,50.0,10.0,UNREACHABLE,7.13,8.38,,,
MODEL_B4_LM,24.0,50.0,12.0,UNREACHABLE,7.63,8.7,,,
MODEL_B4_LM,24.0,50.0,15.0,UNREACHABLE,7.98,9.11,,,
MODEL_B4_LM,24.0,75.0,10.0,UNREACHABLE,6.25,8.04,,,
MODEL_B4_LM,24.0,75.0,12.0,UNREACHABLE,7.06,8.35,,,
MODEL_B4_LM,24.0,75.0,15.0,UNREACHABLE,7.67,8.75,,,
MODEL_B4_LM,24.0,100.0,10.0,UNREACHABLE,5.4,7.76,,,
MODEL_B4_LM,24.0,100.0,12.0,UNREACHABLE,6.45,8.11,,,
MODEL_B4_LM,24.0,100.0,15.0,UNREACHABLE,7.32,8.47,,,
MODEL_B4_LM,30.0,5.0,10.0,UNREACHABLE,10.6,12.08,,,
MODEL_B4_LM,30.0,5.0,12.0,REACH,10.63,12.11,,,
MODEL_B4_LM,30.0,5.0,15.0,UNREACHABLE,10.65,12.14,,,
MODEL_B4_LM,30.0,25.0,10.0,REACH,10.06,11.45,,,
MODEL_B4_LM,30.0,25.0,12.0,UNREACHABLE,10.3,11.73,,,
MODEL_B4_LM,30.0,25.0,15.0,UNREACHABLE,10.46,11.92,,,
MODEL_B4_LM,30.0,50.0,10.0,REACH,9.08,10.64,,,
MODEL_B4_LM,30.0,50.0,12.0,UNREACHABLE,9.71,11.04,,,
MODEL_B4_LM,30.0,50.0,15.0,UNREACHABLE,10.15,11.55,,,
MODEL_B4_LM,30.0,75.0,10.0,REACH,7.97,10.21,,,
MODEL_B4_LM,30.0,75.0,12.0,UNREACHABLE,8.99,10.59,,,
MODEL_B4_LM,30.0,75.0,15.0,UNREACHABLE,9.76,11.1,,,
MODEL_B4_LM,30.0,100.0,10.0,REACH,6.9,9.85,,,
MODEL_B4_LM,30.0,100.0,12.0,UNREACHABLE,8.22,10.29,,,
MODEL_B4_LM,30.0,100.0,15.0,UNREACHABLE,9.32,10.76,,,
MODEL_B4_LM,36.0,5.0,10.0,UNREACHABLE,12.86,14.63,,,
MODEL_B4_LM,36.0,5.0,12.0,UNREACHABLE,12.89,14.68,,,
MODEL_B4_LM,36.0,5.0,15.0,UNREACHABLE,12.92,14.71,,,
MODEL_B4_LM,36.0,25.0,10.0,UNREACHABLE,12.2,13.87,,,
MODEL_B4_LM,36.0,25.0,12.0,UNREACHABLE,12.49,14.21,,,
MODEL_B4_LM,36.0,25.0,15.0,UNREACHABLE,12.69,14.44,,,
MODEL_B4_LM,36.0,50.0,10.0,UNREACHABLE,11.03,12.89,,,
MODEL_B4_LM,36.0,50.0,12.0,REACH,11.78,13.39,,,
MODEL_B4_LM,36.0,50.0,15.0,UNREACHABLE,12.31,14.0,,,
MODEL_B4_LM,36.0,75.0,10.0,REACH,9.69,12.37,,,
MODEL_B4_LM,36.0,75.0,12.0,REACH,10.92,12.84,,,
MODEL_B4_LM,36.0,75.0,15.0,UNREACHABLE,11.85,13.45,,,
MODEL_B4_LM,36.0,100.0,10.0,REACH,8.4,11.95,,,
MODEL_B4_LM,36.0,100.0,12.0,REACH,9.99,12.48,,,
MODEL_B4_LM,36.0,100.0,15.0,UNREACHABLE,11.31,13.04,,,
