case,f_khz,Lr_uH,Lm_uH,Vin,Cout_uF,Vf,ic_vcr,ic_ilm,ic_ilr,peak_half_A,peak_cycle_A,cross_dac300,cross_dac320
nom_150k,150.0,3.3850000000000002,17.25,24.0,940.0,0.7,0.0,0.0,0.0,24.834814737870413,31.397030231315174,True,True
nom_200k,200.0,3.3850000000000002,17.25,24.0,940.0,0.7,0.0,0.0,0.0,16.656541265392953,17.284868102622497,True,True
ic_f150_vcr-2_ilm-0.5_ilr-0.1,150.0,3.3850000000000002,17.25,24.0,940.0,0.7,-2.0,-0.5,-0.1,26.98193451621765,38.35631566200501,True,True
ic_f150_vcr-2_ilm-0.5_ilr+0.0,150.0,3.3850000000000002,17.25,24.0,940.0,0.7,-2.0,-0.5,0.0,27.154244699357438,38.757989851383016,True,True
ic_f150_vcr-2_ilm-0.5_ilr+0.1,150.0,3.3850000000000002,17.25,24.0,940.0,0.7,-2.0,-0.5,0.1,27.297458651897834,39.15942786063767,True,True
ic_f150_vcr-2_ilm+0.0_ilr-0.1,150.0,3.3850000000000002,17.25,24.0,940.0,0.7,-2.0,0.0,-0.1,27.000936566376627,38.41334027898145,True,True
ic_f150_vcr-2_ilm+0.0_ilr+0.0,150.0,3.3850000000000002,17.25,24.0,940.0,0.7,-2.0,0.0,0.0,27.155834376079927,38.78863534748696,True,True
ic_f150_vcr-2_ilm+0.0_ilr+0.1,150.0,3.3850000000000002,17.25,24.0,940.0,0.7,-2.0,0.0,0.1,27.306213602138058,39.190074963567,True,True
ic_f150_vcr-2_ilm+0.5_ilr-0.1,150.0,3.3850000000000002,17.25,24.0,940.0,0.7,-2.0,0.5,-0.1,27.06609488635851,38.57136597228904,True,True
ic_f150_vcr-2_ilm+0.5_ilr+0.0,150.0,3.3850000000000002,17.25,24.0,940.0,0.7,-2.0,0.5,0.0,27.213835390127993,38.94755553269471,True,True
ic_f150_vcr-2_ilm+0.5_ilr+0.1,150.0,3.3850000000000002,17.25,24.0,940.0,0.7,-2.0,0.5,0.1,27.35550736586053,39.32306052133264,True,True
ic_f150_vcr-1_ilm-0.5_ilr-0.1,150.0,3.3850000000000002,17.25,24.0,940.0,0.7,-1.0,-0.5,-0.1,25.816939606461176,34.660899452538054,True,True
ic_f150_vcr-1_ilm-0.5_ilr+0.0,150.0,3.3850000000000002,17.25,24.0,940.0,0.7,-1.0,-0.5,0.0,25.981372063007615,35.06206489136916,True,True
ic_f150_vcr-1_ilm-0.5_ilr+0.1,150.0,3.3850000000000002,17.25,24.0,940.0,0.7,-1.0,-0.5,0.1,26.13242281722696,35.463414691810875,True,True
ic_f150_vcr-1_ilm+0.0_ilr-0.1,150.0,3.3850000000000002,17.25,24.0,940.0,0.7,-1.0,0.0,-0.1,25.834031578124574,34.71796103807805,True,True
ic_f150_vcr-1_ilm+0.0_ilr+0.0,150.0,3.3850000000000002,17.25,24.0,940.0,0.7,-1.0,0.0,0.0,25.98131119129587,35.09289155626935,True,True
ic_f150_vcr-1_ilm+0.0_ilr+0.1,150.0,3.3850000000000002,17.25,24.0,940.0,0.7,-1.0,0.0,0.1,26.141176282999222,35.49408773020779,True,True
ic_f150_vcr-1_ilm+0.5_ilr-0.1,150.0,3.3850000000000002,17.25,24.0,940.0,0.7,-1.0,0.5,-0.1,25.89517887115908,34.8813721771536,True,True
ic_f150_vcr-1_ilm+0.5_ilr+0.0,150.0,3.3850000000000002,17.25,24.0,940.0,0.7,-1.0,0.5,0.0,26.044596207000172,35.25638551014181,True,True
ic_f150_vcr-1_ilm+0.5_ilr+0.1,150.0,3.3850000000000002,17.25,24.0,940.0,0.7,-1.0,0.5,0.1,26.19599284334349,35.631379726564234,True,True
ic_f150_vcr+0_ilm-0.5_ilr-0.1,150.0,3.3850000000000002,17.25,24.0,940.0,0.7,0.0,-0.5,-0.1,24.65213631587748,30.964817231281355,True,True
ic_f150_vcr+0_ilm-0.5_ilr+0.0,150.0,3.3850000000000002,17.25,24.0,940.0,0.7,0.0,-0.5,0.0,24.825910410422804,31.366117991614686,True,True
ic_f150_vcr+0_ilm-0.5_ilr+0.1,150.0,3.3850000000000002,17.25,24.0,940.0,0.7,0.0,-0.5,0.1,24.967577358535383,31.767448634534777,True,True
ic_f150_vcr+0_ilm+0.0_ilr-0.1,150.0,3.3850000000000002,17.25,24.0,940.0,0.7,0.0,0.0,-0.1,24.680300987022196,31.023584793614003,True,True
ic_f150_vcr+0_ilm+0.0_ilr+0.0,150.0,3.3850000000000002,17.25,24.0,940.0,0.7,0.0,0.0,0.0,24.834814737870413,31.397030231315174,True,True
ic_f150_vcr+0_ilm+0.0_ilr+0.1,150.0,3.3850000000000002,17.25,24.0,940.0,0.7,0.0,0.0,0.1,24.97632929894735,31.798175300444157,True,True
ic_f150_vcr+0_ilm+0.5_ilr-0.1,150.0,3.3850000000000002,17.25,24.0,940.0,0.7,0.0,0.5,-0.1,24.750731424277948,31.1915137564324,True,True
ic_f150_vcr+0_ilm+0.5_ilr+0.0,150.0,3.3850000000000002,17.25,24.0,940.0,0.7,0.0,0.5,0.0,24.88274915564765,31.565617750906508,True,True
ic_f150_vcr+0_ilm+0.5_ilr+0.1,150.0,3.3850000000000002,17.25,24.0,940.0,0.7,0.0,0.5,0.1,25.03974343435858,31.939605536856252,True,True
ic_f150_vcr+1_ilm-0.5_ilr-0.1,150.0,3.3850000000000002,17.25,24.0,940.0,0.7,1.0,-0.5,-0.1,23.4875302347191,27.26861445913049,True,True
ic_f150_vcr+1_ilm-0.5_ilr+0.0,150.0,3.3850000000000002,17.25,24.0,940.0,0.7,1.0,-0.5,0.0,23.660140560232207,27.670233539234616,True,True
ic_f150_vcr+1_ilm-0.5_ilr+0.1,150.0,3.3850000000000002,17.25,24.0,940.0,0.7,1.0,-0.5,0.1,23.802927757925083,28.071484098923435,True,True
ic_f150_vcr+1_ilm+0.0_ilr-0.1,150.0,3.3850000000000002,17.25,24.0,940.0,0.7,1.0,0.0,-0.1,23.51404499666612,27.328884794714657,True,True
ic_f150_vcr+1_ilm+0.0_ilr+0.0,150.0,3.3850000000000002,17.25,24.0,940.0,0.7,1.0,0.0,0.0,23.654298774715663,27.700991489369212,True,True
ic_f150_vcr+1_ilm+0.0_ilr+0.1,150.0,3.3850000000000002,17.25,24.0,940.0,0.7,1.0,0.0,0.1,23.811678128732375,28.102185515162887,True,True
ic_f150_vcr+1_ilm+0.5_ilr-0.1,150.0,3.3850000000000002,17.25,24.0,940.0,0.7,1.0,0.5,-0.1,23.578037136972643,27.50232051702027,True,True
ic_f150_vcr+1_ilm+0.5_ilr+0.0,150.0,3.3850000000000002,17.25,24.0,940.0,0.7,1.0,0.5,0.0,23.7333661191711,27.875444365260545,True,True
ic_f150_vcr+1_ilm+0.5_ilr+0.1,150.0,3.3850000000000002,17.25,24.0,940.0,0.7,1.0,0.5,0.1,23.87664442023898,28.248279838066782,True,True
ic_f150_vcr+2_ilm-0.5_ilr-0.1,150.0,3.3850000000000002,17.25,24.0,940.0,0.7,2.0,-0.5,-0.1,22.323127435296378,23.57278994221877,True,True
ic_f150_vcr+2_ilm-0.5_ilr+0.0,150.0,3.3850000000000002,17.25,24.0,940.0,0.7,2.0,-0.5,0.0,22.492352328771705,23.9743385682677,True,True
ic_f150_vcr+2_ilm-0.5_ilr+0.1,150.0,3.3850000000000002,17.25,24.0,940.0,0.7,2.0,-0.5,0.1,22.638479964060274,24.375496444077125,True,True
ic_f150_vcr+2_ilm+0.0_ilr-0.1,150.0,3.3850000000000002,17.25,24.0,940.0,0.7,2.0,0.0,-0.1,22.347887385249496,23.633959957854753,True,True
ic_f150_vcr+2_ilm+0.0_ilr+0.0,150.0,3.3850000000000002,17.25,24.0,940.0,0.7,2.0,0.0,0.0,22.498499514534164,24.00509458257306,True,True
ic_f150_vcr+2_ilm+0.0_ilr+0.1,150.0,3.3850000000000002,17.25,24.0,940.0,0.7,2.0,0.0,0.1,22.64722871720491,24.406184070389024,True,True
ic_f150_vcr+2_ilm+0.5_ilr-0.1,150.0,3.3850000000000002,17.25,24.0,940.0,0.7,2.0,0.5,-0.1,22.41167832968997,23.813661015307375,True,True
ic_f150_vcr+2_ilm+0.5_ilr+0.0,150.0,3.3850000000000002,17.25,24.0,940.0,0.7,2.0,0.5,0.0,22.56759420969691,24.18543851153025,True,True
ic_f150_vcr+2_ilm+0.5_ilr+0.1,150.0,3.3850000000000002,17.25,24.0,940.0,0.7,2.0,0.5,0.1,22.7167077954476,24.557373209917543,True,True
ic_f200_vcr-2_ilm-0.5_ilr-0.1,200.0,3.3850000000000002,17.25,24.0,940.0,0.7,-2.0,-0.5,-0.1,18.14343332461037,19.00285972738835,True,True
ic_f200_vcr-2_ilm-0.5_ilr+0.0,200.0,3.3850000000000002,17.25,24.0,940.0,0.7,-2.0,-0.5,0.0,18.275928495785575,19.142405306252005,True,True
ic_f200_vcr-2_ilm-0.5_ilr+0.1,200.0,3.3850000000000002,17.25,24.0,940.0,0.7,-2.0,-0.5,0.1,18.406992018465356,19.281982432216566,True,True
ic_f200_vcr-2_ilm+0.0_ilr-0.1,200.0,3.3850000000000002,17.25,24.0,940.0,0.7,-2.0,0.0,-0.1,18.15475687448148,19.018702131682534,True,True
ic_f200_vcr-2_ilm+0.0_ilr+0.0,200.0,3.3850000000000002,17.25,24.0,940.0,0.7,-2.0,0.0,0.0,18.275624920871408,19.149318171549147,True,True
ic_f200_vcr-2_ilm+0.0_ilr+0.1,200.0,3.3850000000000002,17.25,24.0,940.0,0.7,-2.0,0.0,0.1,18.412869809453102,19.288823613280982,True,True
ic_f200_vcr-2_ilm+0.5_ilr-0.1,200.0,3.3850000000000002,17.25,24.0,940.0,0.7,-2.0,0.5,-0.1,18.20819672388112,19.070157131848244,True,True
ic_f200_vcr-2_ilm+0.5_ilr+0.0,200.0,3.3850000000000002,17.25,24.0,940.0,0.7,-2.0,0.5,0.0,18.328903988698254,19.20077998538541,True,True
ic_f200_vcr-2_ilm+0.5_ilr+0.1,200.0,3.3850000000000002,17.25,24.0,940.0,0.7,-2.0,0.5,0.1,18.448671492007207,19.33152224006444,True,True
ic_f200_vcr-1_ilm-0.5_ilr-0.1,200.0,3.3850000000000002,17.25,24.0,940.0,0.7,-1.0,-0.5,-0.1,17.33079831883885,18.07060633829004,True,True
ic_f200_vcr-1_ilm-0.5_ilr+0.0,200.0,3.3850000000000002,17.25,24.0,940.0,0.7,-1.0,-0.5,0.0,17.46280709478974,18.2101295125157,True,True
ic_f200_vcr-1_ilm-0.5_ilr+0.1,200.0,3.3850000000000002,17.25,24.0,940.0,0.7,-1.0,-0.5,0.1,17.59262908038348,18.349719168819583,True,True
ic_f200_vcr-1_ilm+0.0_ilr-0.1,200.0,3.3850000000000002,17.25,24.0,940.0,0.7,-1.0,0.0,-0.1,17.3380195913,18.086839194704012,True,True
ic_f200_vcr-1_ilm+0.0_ilr+0.0,200.0,3.3850000000000002,17.25,24.0,940.0,0.7,-1.0,0.0,0.0,17.469274485758582,18.21704750835397,True,True
ic_f200_vcr-1_ilm+0.0_ilr+0.1,200.0,3.3850000000000002,17.25,24.0,940.0,0.7,-1.0,0.0,0.1,17.598505811901447,18.356566999177186,True,True
ic_f200_vcr-1_ilm+0.5_ilr-0.1,200.0,3.3850000000000002,17.25,24.0,940.0,0.7,-1.0,0.5,-0.1,17.39252618380808,18.139840413170262,True,True
ic_f200_vcr-1_ilm+0.5_ilr+0.0,200.0,3.3850000000000002,17.25,24.0,940.0,0.7,-1.0,0.5,0.0,17.50989459457662,18.27026154304016,True,True
ic_f200_vcr-1_ilm+0.5_ilr+0.1,200.0,3.3850000000000002,17.25,24.0,940.0,0.7,-1.0,0.5,0.1,17.64066977109009,18.400617369562458,True,True
ic_f200_vcr+0_ilm-0.5_ilr-0.1,200.0,3.3850000000000002,17.25,24.0,940.0,0.7,0.0,-0.5,-0.1,16.512882167052478,17.13835826076254,True,True
ic_f200_vcr+0_ilm-0.5_ilr+0.0,200.0,3.3850000000000002,17.25,24.0,940.0,0.7,0.0,-0.5,0.0,16.650936761108973,17.27792870356448,True,True
ic_f200_vcr+0_ilm-0.5_ilr+0.1,200.0,3.3850000000000002,17.25,24.0,940.0,0.7,0.0,-0.5,0.1,16.78084974735543,17.417478051996937,True,True
ic_f200_vcr+0_ilm+0.0_ilr-0.1,200.0,3.3850000000000002,17.25,24.0,940.0,0.7,0.0,0.0,-0.1,16.53517513573429,17.15492407871497,True,True
ic_f200_vcr+0_ilm+0.0_ilr+0.0,200.0,3.3850000000000002,17.25,24.0,940.0,0.7,0.0,0.0,0.0,16.656541265392953,17.284868102622497,True,True
ic_f200_vcr+0_ilm+0.0_ilr+0.1,200.0,3.3850000000000002,17.25,24.0,940.0,0.7,0.0,0.0,0.1,16.78672345219797,17.424322214717137,True,True
ic_f200_vcr+0_ilm+0.5_ilr-0.1,200.0,3.3850000000000002,17.25,24.0,940.0,0.7,0.0,0.5,-0.1,16.585949447269236,17.20985313656285,True,True
ic_f200_vcr+0_ilm+0.5_ilr+0.0,200.0,3.3850000000000002,17.25,24.0,940.0,0.7,0.0,0.5,0.0,16.70631250579685,17.33987096868487,True,True
ic_f200_vcr+0_ilm+0.5_ilr+0.1,200.0,3.3850000000000002,17.25,24.0,940.0,0.7,0.0,0.5,0.1,16.82772605657301,17.469820161720083,True,True
ic_f200_vcr+1_ilm-0.5_ilr-0.1,200.0,3.3850000000000002,17.25,24.0,940.0,0.7,1.0,-0.5,-0.1,15.70932604208902,16.20609538271141,True,True
ic_f200_vcr+1_ilm-0.5_ilr+0.0,200.0,3.3850000000000002,17.25,24.0,940.0,0.7,1.0,-0.5,0.0,15.837634207182921,16.345692696851792,True,True
ic_f200_vcr+1_ilm-0.5_ilr+0.1,200.0,3.3850000000000002,17.25,24.0,940.0,0.7,1.0,-0.5,0.1,15.971493782905393,16.485244158989268,True,True
ic_f200_vcr+1_ilm+0.0_ilr-0.1,200.0,3.3850000000000002,17.25,24.0,940.0,0.7,1.0,0.0,-0.1,15.722403718424008,16.22307609460575,True,True
ic_f200_vcr+1_ilm+0.0_ilr+0.0,200.0,3.3850000000000002,17.25,24.0,940.0,0.7,1.0,0.0,0.0,15.844828695375567,16.352587946209233,True,True
ic_f200_vcr+1_ilm+0.0_ilr+0.1,200.0,3.3850000000000002,17.25,24.0,940.0,0.7,1.0,0.0,0.1,15.977371895599438,16.49208747712934,True,True
ic_f200_vcr+1_ilm+0.5_ilr-0.1,200.0,3.3850000000000002,17.25,24.0,940.0,0.7,1.0,0.5,-0.1,15.777478292848771,16.27996449438587,True,True
ic_f200_vcr+1_ilm+0.5_ilr+0.0,200.0,3.3850000000000002,17.25,24.0,940.0,0.7,1.0,0.5,0.0,15.896391411474637,16.409616437601343,True,True
ic_f200_vcr+1_ilm+0.5_ilr+0.1,200.0,3.3850000000000002,17.25,24.0,940.0,0.7,1.0,0.5,0.1,16.02095500430145,16.53923424632189,True,True
ic_f200_vcr+2_ilm-0.5_ilr-0.1,200.0,3.3850000000000002,17.25,24.0,940.0,0.7,2.0,-0.5,-0.1,14.893279181524647,15.273870733962346,True,True
ic_f200_vcr+2_ilm-0.5_ilr+0.0,200.0,3.3850000000000002,17.25,24.0,940.0,0.7,2.0,-0.5,0.0,15.023701307591475,15.413414822522778,True,True
ic_f200_vcr+2_ilm-0.5_ilr+0.1,200.0,3.3850000000000002,17.25,24.0,940.0,0.7,2.0,-0.5,0.1,15.158968022359163,15.552993098618499,True,True
ic_f200_vcr+2_ilm+0.0_ilr-0.1,200.0,3.3850000000000002,17.25,24.0,940.0,0.7,2.0,0.0,-0.1,14.91125367388961,15.291266987731426,True,True
ic_f200_vcr+2_ilm+0.0_ilr+0.0,200.0,3.3850000000000002,17.25,24.0,940.0,0.7,2.0,0.0,0.0,15.033809428710528,15.420312868055591,True,True
ic_f200_vcr+2_ilm+0.0_ilr+0.1,200.0,3.3850000000000002,17.25,24.0,940.0,0.7,2.0,0.0,0.1,15.164845486761635,15.559836119986677,True,True
ic_f200_vcr+2_ilm+0.5_ilr-0.1,200.0,3.3850000000000002,17.25,24.0,940.0,0.7,2.0,0.5,-0.1,14.963764905708492,15.350317373216324,True,True
ic_f200_vcr+2_ilm+0.5_ilr+0.0,200.0,3.3850000000000002,17.25,24.0,940.0,0.7,2.0,0.5,0.0,15.086641865106062,15.479522054942052,True,True
ic_f200_vcr+2_ilm+0.5_ilr+0.1,200.0,3.3850000000000002,17.25,24.0,940.0,0.7,2.0,0.5,0.1,15.20974535628593,15.6086923490279,True,True
Lr_3.350u,150.0,3.35,17.25,24.0,940.0,0.7,0.0,0.0,0.0,25.14056626594839,32.134148363658916,True,True
Lr_3.385u,150.0,3.3850000000000002,17.25,24.0,940.0,0.7,0.0,0.0,0.0,24.834814737870413,31.397030231315174,True,True
Lr_3.420u,150.0,3.42,17.25,24.0,940.0,0.7,0.0,0.0,0.0,24.52048443814931,30.684347084644827,True,True
Lm_16.90u,150.0,3.3850000000000002,16.900000000000002,24.0,940.0,0.7,0.0,0.0,0.0,24.820764753679548,31.39729994238406,True,True
Lm_17.25u,150.0,3.3850000000000002,17.25,24.0,940.0,0.7,0.0,0.0,0.0,24.834814737870413,31.397030231315174,True,True
Lm_17.60u,150.0,3.3850000000000002,17.6,24.0,940.0,0.7,0.0,0.0,0.0,24.817776384089356,31.396541343154315,True,True
Vin_23.8,150.0,3.3850000000000002,17.25,23.8,940.0,0.7,0.0,0.0,0.0,24.619144132986726,31.10828380814376,True,True
Vin_24.0,150.0,3.3850000000000002,17.25,24.0,940.0,0.7,0.0,0.0,0.0,24.834814737870413,31.397030231315174,True,True
Vin_24.2,150.0,3.3850000000000002,17.25,24.2,940.0,0.7,0.0,0.0,0.0,25.035325861494506,31.685280097681545,True,True
Cout_470u_f150k,150.0,3.3850000000000002,17.25,24.0,470.0,0.7,0.0,0.0,0.0,24.812100953300966,31.201090667686586,True,True
Cout_470u_f200k,200.0,3.3850000000000002,17.25,24.0,470.0,0.7,0.0,0.0,0.0,16.647405637163814,17.27192761283258,True,True
Cout_940u_f150k,150.0,3.3850000000000002,17.25,24.0,940.0,0.7,0.0,0.0,0.0,24.834814737870413,31.397030231315174,True,True
Cout_940u_f200k,200.0,3.3850000000000002,17.25,24.0,940.0,0.7,0.0,0.0,0.0,16.656541265392953,17.284868102622497,True,True
Cout_1410u_f150k,150.0,3.3850000000000002,17.25,24.0,1410.0,0.7,0.0,0.0,0.0,24.84238923462543,31.461869522761976,True,True
Cout_1410u_f200k,200.0,3.3850000000000002,17.25,24.0,1410.0,0.7,0.0,0.0,0.0,16.659587214299588,17.289182913799024,True,True
Vf_0.0_f150k,150.0,3.3850000000000002,17.25,24.0,940.0,0.0,0.0,0.0,0.0,25.85052922725078,34.62348031391059,True,True
Vf_0.0_f200k,200.0,3.3850000000000002,17.25,24.0,940.0,0.0,0.0,0.0,0.0,17.366316708871114,18.099597295246284,True,True
Vf_0.7_f150k,150.0,3.3850000000000002,17.25,24.0,940.0,0.7,0.0,0.0,0.0,24.834814737870413,31.397030231315174,True,True
Vf_0.7_f200k,200.0,3.3850000000000002,17.25,24.0,940.0,0.7,0.0,0.0,0.0,16.656541265392953,17.284868102622497,True,True
corner_Lr3.350_Lm16.90_Vin23.8_f150k,150.0,3.35,16.900000000000002,23.8,940.0,0.7,0.0,0.0,0.0,24.917901398864146,31.839742471977665,True,True
corner_Lr3.350_Lm16.90_Vin23.8_f200k,200.0,3.35,16.900000000000002,23.8,940.0,0.7,0.0,0.0,0.0,16.69622004825857,17.33910943149912,True,True
corner_Lr3.350_Lm16.90_Vin24.0_f150k,150.0,3.35,16.900000000000002,24.0,940.0,0.7,0.0,0.0,0.0,25.14067384175997,32.13445864035977,True,True
corner_Lr3.350_Lm16.90_Vin24.0_f200k,200.0,3.35,16.900000000000002,24.0,940.0,0.7,0.0,0.0,0.0,16.84631094401798,17.491761206909064,True,True
corner_Lr3.350_Lm16.90_Vin24.2_f150k,150.0,3.35,16.900000000000002,24.2,940.0,0.7,0.0,0.0,0.0,25.344386743960793,32.43003711498828,True,True
corner_Lr3.350_Lm16.90_Vin24.2_f200k,200.0,3.35,16.900000000000002,24.2,940.0,0.7,0.0,0.0,0.0,16.99416906992049,17.644362161463487,True,True
corner_Lr3.350_Lm17.25_Vin23.8_f150k,150.0,3.35,17.25,23.8,940.0,0.7,0.0,0.0,0.0,24.9083715014613,31.83951267374116,True,True
corner_Lr3.350_Lm17.25_Vin23.8_f200k,200.0,3.35,17.25,23.8,940.0,0.7,0.0,0.0,0.0,16.701523014480397,17.339068950727164,True,True
corner_Lr3.350_Lm17.25_Vin24.0_f150k,150.0,3.35,17.25,24.0,940.0,0.7,0.0,0.0,0.0,25.14056626594839,32.134148363658916,True,True
corner_Lr3.350_Lm17.25_Vin24.0_f200k,200.0,3.35,17.25,24.0,940.0,0.7,0.0,0.0,0.0,16.848881405792397,17.49166832347406,True,True
corner_Lr3.350_Lm17.25_Vin24.2_f150k,150.0,3.35,17.25,24.2,940.0,0.7,0.0,0.0,0.0,25.358905825605973,32.429581307190965,True,True
corner_Lr3.350_Lm17.25_Vin24.2_f200k,200.0,3.35,17.25,24.2,940.0,0.7,0.0,0.0,0.0,16.99524203197223,17.644328542126548,True,True
corner_Lr3.350_Lm17.60_Vin23.8_f150k,150.0,3.35,17.6,23.8,940.0,0.7,0.0,0.0,0.0,24.92260815079902,31.839112622179393,True,True
corner_Lr3.350_Lm17.60_Vin23.8_f200k,200.0,3.35,17.6,23.8,940.0,0.7,0.0,0.0,0.0,16.702622707150592,17.339120866612717,True,True
corner_Lr3.350_Lm17.60_Vin24.0_f150k,150.0,3.35,17.6,24.0,940.0,0.7,0.0,0.0,0.0,25.124384859604824,32.13448303983838,True,True
corner_Lr3.350_Lm17.60_Vin24.0_f200k,200.0,3.35,17.6,24.0,940.0,0.7,0.0,0.0,0.0,16.849354383679543,17.49170361296416,True,True
corner_Lr3.350_Lm17.60_Vin24.2_f150k,150.0,3.35,17.6,24.2,940.0,0.7,0.0,0.0,0.0,25.34130089193126,32.429793047134616,True,True
corner_Lr3.350_Lm17.60_Vin24.2_f200k,200.0,3.35,17.6,24.2,940.0,0.7,0.0,0.0,0.0,16.995333166742142,17.64431514827591,True,True
corner_Lr3.385_Lm16.90_Vin23.8_f150k,150.0,3.3850000000000002,16.900000000000002,23.8,940.0,0.7,0.0,0.0,0.0,24.611635590443573,31.10847739482663,True,True
corner_Lr3.385_Lm16.90_Vin23.8_f200k,200.0,3.3850000000000002,16.900000000000002,23.8,940.0,0.7,0.0,0.0,0.0,16.509165950678923,17.133999442542468,True,True
corner_Lr3.385_Lm16.90_Vin24.0_f150k,150.0,3.3850000000000002,16.900000000000002,24.0,940.0,0.7,0.0,0.0,0.0,24.820764753679548,31.39729994238406,True,True
corner_Lr3.385_Lm16.90_Vin24.0_f200k,200.0,3.3850000000000002,16.900000000000002,24.0,940.0,0.7,0.0,0.0,0.0,16.655451456346025,17.28481309656101,True,True
corner_Lr3.385_Lm16.90_Vin24.2_f150k,150.0,3.3850000000000002,16.900000000000002,24.2,940.0,0.7,0.0,0.0,0.0,25.050117951930428,31.68535089544606,True,True
corner_Lr3.385_Lm16.90_Vin24.2_f200k,200.0,3.3850000000000002,16.900000000000002,24.2,940.0,0.7,0.0,0.0,0.0,16.80112611611395,17.435609224074856,True,True
corner_Lr3.385_Lm17.25_Vin23.8_f150k,150.0,3.3850000000000002,17.25,23.8,940.0,0.7,0.0,0.0,0.0,24.619144132986726,31.10828380814376,True,True
corner_Lr3.385_Lm17.25_Vin23.8_f200k,200.0,3.3850000000000002,17.25,23.8,940.0,0.7,0.0,0.0,0.0,16.507756170118057,17.13405033257009,True,True
corner_Lr3.385_Lm17.25_Vin24.0_f150k,150.0,3.3850000000000002,17.25,24.0,940.0,0.7,0.0,0.0,0.0,24.834814737870413,31.397030231315174,True,True
corner_Lr3.385_Lm17.25_Vin24.0_f200k,200.0,3.3850000000000002,17.25,24.0,940.0,0.7,0.0,0.0,0.0,16.656541265392953,17.284868102622497,True,True
corner_Lr3.385_Lm17.25_Vin24.2_f150k,150.0,3.3850000000000002,17.25,24.2,940.0,0.7,0.0,0.0,0.0,25.035325861494506,31.685280097681545,True,True
corner_Lr3.385_Lm17.25_Vin24.2_f200k,200.0,3.3850000000000002,17.25,24.2,940.0,0.7,0.0,0.0,0.0,16.797032462734933,17.43562716433382,True,True
corner_Lr3.385_Lm17.60_Vin23.8_f150k,150.0,3.3850000000000002,17.6,23.8,940.0,0.7,0.0,0.0,0.0,24.603481172426328,31.108040293778142,True,True
corner_Lr3.385_Lm17.60_Vin23.8_f200k,200.0,3.3850000000000002,17.6,23.8,940.0,0.7,0.0,0.0,0.0,16.51210703447449,17.13395447500741,True,True
corner_Lr3.385_Lm17.60_Vin24.0_f150k,150.0,3.3850000000000002,17.6,24.0,940.0,0.7,0.0,0.0,0.0,24.817776384089356,31.396541343154315,True,True
corner_Lr3.385_Lm17.60_Vin24.0_f200k,200.0,3.3850000000000002,17.6,24.0,940.0,0.7,0.0,0.0,0.0,16.656408189004978,17.2847229604174,True,True
corner_Lr3.385_Lm17.60_Vin24.2_f150k,150.0,3.3850000000000002,17.6,24.2,940.0,0.7,0.0,0.0,0.0,25.036132613550834,31.685307635817377,True,True
corner_Lr3.385_Lm17.60_Vin24.2_f200k,200.0,3.3850000000000002,17.6,24.2,940.0,0.7,0.0,0.0,0.0,16.79431007356793,17.435615027613984,True,True
corner_Lr3.420_Lm16.90_Vin23.8_f150k,150.0,3.42,16.900000000000002,23.8,940.0,0.7,0.0,0.0,0.0,24.309620410224156,30.4018748249157,True,True
corner_Lr3.420_Lm16.90_Vin23.8_f200k,200.0,3.42,16.900000000000002,23.8,940.0,0.7,0.0,0.0,0.0,16.324207292239706,16.933599780923863,True,True
corner_Lr3.420_Lm16.90_Vin24.0_f150k,150.0,3.42,16.900000000000002,24.0,940.0,0.7,0.0,0.0,0.0,24.535929040614082,30.68429086316234,True,True
corner_Lr3.420_Lm16.90_Vin24.0_f200k,200.0,3.42,16.900000000000002,24.0,940.0,0.7,0.0,0.0,0.0,16.46820206072196,17.082609500240494,True,True
corner_Lr3.420_Lm16.90_Vin24.2_f150k,150.0,3.42,16.900000000000002,24.2,940.0,0.7,0.0,0.0,0.0,24.749012235560276,30.96627014543661,True,True
corner_Lr3.420_Lm16.90_Vin24.2_f200k,200.0,3.42,16.900000000000002,24.2,940.0,0.7,0.0,0.0,0.0,16.61125697339983,17.23170234235697,True,True
corner_Lr3.420_Lm17.25_Vin23.8_f150k,150.0,3.42,17.25,23.8,940.0,0.7,0.0,0.0,0.0,24.323218456676642,30.40228483288143,True,True
corner_Lr3.420_Lm17.25_Vin23.8_f200k,200.0,3.42,17.25,23.8,940.0,0.7,0.0,0.0,0.0,16.325253526186913,16.933634118586728,True,True
corner_Lr3.420_Lm17.25_Vin24.0_f150k,150.0,3.42,17.25,24.0,940.0,0.7,0.0,0.0,0.0,24.52048443814931,30.684347084644827,True,True
corner_Lr3.420_Lm17.25_Vin24.0_f200k,200.0,3.42,17.25,24.0,940.0,0.7,0.0,0.0,0.0,16.468657356937747,17.082662771583703,True,True
corner_Lr3.420_Lm17.25_Vin24.2_f150k,150.0,3.42,17.25,24.2,940.0,0.7,0.0,0.0,0.0,24.732174746639302,30.96646230129128,True,True
corner_Lr3.420_Lm17.25_Vin24.2_f200k,200.0,3.42,17.25,24.2,940.0,0.7,0.0,0.0,0.0,16.61134356762053,17.23168831662909,True,True
corner_Lr3.420_Lm17.60_Vin23.8_f150k,150.0,3.42,17.6,23.8,940.0,0.7,0.0,0.0,0.0,24.306726958009353,30.401986864209945,True,True
corner_Lr3.420_Lm17.60_Vin23.8_f200k,200.0,3.42,17.6,23.8,940.0,0.7,0.0,0.0,0.0,16.325119882885996,16.933535538329654,True,True
corner_Lr3.420_Lm17.60_Vin24.0_f150k,150.0,3.42,17.6,24.0,940.0,0.7,0.0,0.0,0.0,24.522381025892138,30.684368041422257,True,True
corner_Lr3.420_Lm17.60_Vin24.0_f200k,200.0,3.42,17.6,24.0,940.0,0.7,0.0,0.0,0.0,16.470151468895033,17.082656844718198,True,True
corner_Lr3.420_Lm17.60_Vin24.2_f150k,150.0,3.42,17.6,24.2,940.0,0.7,0.0,0.0,0.0,24.748838734069434,30.966321643858336,True,True
corner_Lr3.420_Lm17.60_Vin24.2_f200k,200.0,3.42,17.6,24.2,940.0,0.7,0.0,0.0,0.0,16.607343106840624,17.231756180312633,True,True
