time_ms,system_state,softstart_state,enable_request,enable_rising_count,period_request,period_limit,period_applied,frequency_hz,deadtime_counts,TBPRD,CMPA,DBRED,DBFED,comp_armed,comp_dac,pwm_prepared,OST,PWM
0,SOFT_START,WAIT,1,1,428,399,399,150000.0,190,399,200,190,190,0,300,0,1,0
5,SOFT_START,WAIT,1,1,428,399,399,150000.0,190,399,200,190,190,0,300,0,1,0
10,SOFT_START,WAIT,1,1,428,399,399,150000.0,190,399,200,190,190,0,300,0,1,0
15,SOFT_START,WAIT,1,1,428,399,399,150000.0,190,399,200,190,190,0,300,0,1,0
20,SOFT_START,WAIT,1,1,428,399,399,150000.0,190,399,200,190,190,0,300,0,1,0
25,SOFT_START,WAIT,1,1,428,399,399,150000.0,190,399,200,190,190,0,300,0,1,0
30,SOFT_START,WAIT,1,1,428,399,399,150000.0,190,399,200,190,190,0,300,0,1,0
35,SOFT_START,WAIT,1,1,428,399,399,150000.0,190,399,200,190,190,0,300,0,1,0
40,SOFT_START,WAIT,1,1,428,399,399,150000.0,190,399,200,190,190,0,300,0,1,0
45,SOFT_START,WAIT,1,1,428,399,399,150000.0,190,399,200,190,190,0,300,0,1,0
50,SOFT_START,WAIT,1,1,428,399,399,150000.0,190,399,200,190,190,0,300,0,1,0
55,SOFT_START,WAIT,1,1,428,399,399,150000.0,190,399,200,190,190,0,300,0,1,0
60,SOFT_START,WAIT,1,1,428,399,399,150000.0,190,399,200,190,190,0,300,0,1,0
65,SOFT_START,WAIT,1,1,428,399,399,150000.0,190,399,200,190,190,0,300,0,1,0
70,SOFT_START,WAIT,1,1,428,399,399,150000.0,190,399,200,190,190,0,300,0,1,0
75,SOFT_START,WAIT,1,1,428,399,399,150000.0,190,399,200,190,190,0,300,0,1,0
80,SOFT_START,WAIT,1,1,428,399,399,150000.0,190,399,200,190,190,0,300,0,1,0
85,SOFT_START,WAIT,1,1,428,399,399,150000.0,190,399,200,190,190,0,300,0,1,0
90,SOFT_START,WAIT,1,1,428,399,399,150000.0,190,399,200,190,190,0,300,0,1,0
95,SOFT_START,WAIT,1,1,428,399,399,150000.0,190,399,200,190,190,0,300,0,1,0
100,SOFT_START,RAMP,1,1,428,399,399,150000.0,190,399,200,190,190,1,300,0,0,1
105,SOFT_START,RAMP,1,1,428,400,400,149625.9,189,400,200,189,189,1,300,0,0,1
110,SOFT_START,RAMP,1,1,428,401,401,149253.7,188,401,201,188,188,1,300,0,0,1
115,SOFT_START,RAMP,1,1,428,402,402,148883.4,187,402,201,187,187,1,300,0,0,1
120,SOFT_START,RAMP,1,1,428,403,403,148514.9,186,403,202,186,186,1,300,0,0,1
125,SOFT_START,RAMP,1,1,428,404,404,148148.1,185,404,202,185,185,1,300,0,0,1
130,SOFT_START,RAMP,1,1,428,405,405,147783.3,184,405,203,184,184,1,300,0,0,1
135,SOFT_START,RAMP,1,1,428,406,406,147420.1,183,406,203,183,183,1,300,0,0,1
140,SOFT_START,RAMP,1,1,428,407,407,147058.8,182,407,204,182,182,1,300,0,0,1
145,SOFT_START,RAMP,1,1,428,408,408,146699.3,181,408,204,181,181,1,300,0,0,1
150,SOFT_START,RAMP,1,1,428,409,409,146341.5,180,409,205,180,180,1,300,0,0,1
155,SOFT_START,RAMP,1,1,428,410,410,145985.4,179,410,205,179,179,1,300,0,0,1
160,SOFT_START,RAMP,1,1,428,411,411,145631.1,178,411,206,178,178,1,300,0,0,1
165,SOFT_START,RAMP,1,1,428,412,412,145278.5,177,412,206,177,177,1,300,0,0,1
170,SOFT_START,RAMP,1,1,428,413,413,144927.5,176,413,207,176,176,1,300,0,0,1
175,SOFT_START,RAMP,1,1,428,414,414,144578.3,175,414,207,175,175,1,300,0,0,1
180,SOFT_START,RAMP,1,1,428,415,415,144230.8,174,415,208,174,174,1,300,0,0,1
185,SOFT_START,RAMP,1,1,428,416,416,143884.9,173,416,208,173,173,1,300,0,0,1
190,SOFT_START,RAMP,1,1,428,417,417,143540.7,172,417,209,172,172,1,300,0,0,1
195,SOFT_START,RAMP,1,1,428,418,418,143198.1,171,418,209,171,171,1,300,0,0,1
200,SOFT_START,RAMP,1,1,428,419,419,142857.1,170,419,210,170,170,1,300,0,0,1
205,SOFT_START,RAMP,1,1,428,420,420,142517.8,169,420,210,169,169,1,300,0,0,1
210,SOFT_START,RAMP,1,1,428,421,421,142180.1,168,421,211,168,168,1,300,0,0,1
215,SOFT_START,RAMP,1,1,428,422,422,141844.0,167,422,211,167,167,1,300,0,0,1
220,SOFT_START,RAMP,1,1,428,423,423,141509.4,166,423,212,166,166,1,300,0,0,1
225,SOFT_START,RAMP,1,1,428,424,424,141176.5,165,424,212,165,165,1,300,0,0,1
230,SOFT_START,RAMP,1,1,428,425,425,140845.1,164,425,213,164,164,1,300,0,0,1
235,SOFT_START,RAMP,1,1,428,426,426,140515.2,163,426,213,163,163,1,300,0,0,1
240,SOFT_START,RAMP,1,1,428,427,427,140186.9,162,427,214,162,162,1,300,0,0,1
245,SOFT_START,RAMP,1,1,428,428,428,139860.1,161,428,214,161,161,1,300,0,0,1
250,SOFT_START,RAMP,1,1,428,428,428,139860.1,160,428,214,160,160,1,300,0,0,1
255,SOFT_START,RAMP,1,1,428,428,428,139860.1,159,428,214,159,159,1,300,0,0,1
260,SOFT_START,RAMP,1,1,428,428,428,139860.1,158,428,214,158,158,1,300,0,0,1
265,SOFT_START,RAMP,1,1,428,428,428,139860.1,157,428,214,157,157,1,300,0,0,1
270,SOFT_START,RAMP,1,1,428,428,428,139860.1,156,428,214,156,156,1,300,0,0,1
275,SOFT_START,RAMP,1,1,428,428,428,139860.1,155,428,214,155,155,1,300,0,0,1
280,SOFT_START,RAMP,1,1,428,428,428,139860.1,154,428,214,154,154,1,300,0,0,1
285,SOFT_START,RAMP,1,1,428,428,428,139860.1,153,428,214,153,153,1,300,0,0,1
290,SOFT_START,RAMP,1,1,428,428,428,139860.1,152,428,214,152,152,1,300,0,0,1
295,SOFT_START,RAMP,1,1,428,428,428,139860.1,151,428,214,151,151,1,300,0,0,1
300,SOFT_START,RAMP,1,1,428,428,428,139860.1,150,428,214,150,150,1,300,0,0,1
305,SOFT_START,RAMP,1,1,428,428,428,139860.1,149,428,214,149,149,1,300,0,0,1
310,SOFT_START,RAMP,1,1,428,428,428,139860.1,148,428,214,148,148,1,300,0,0,1
315,SOFT_START,RAMP,1,1,428,428,428,139860.1,147,428,214,147,147,1,300,0,0,1
320,SOFT_START,RAMP,1,1,428,428,428,139860.1,146,428,214,146,146,1,300,0,0,1
325,SOFT_START,RAMP,1,1,428,428,428,139860.1,145,428,214,145,145,1,300,0,0,1
330,SOFT_START,RAMP,1,1,428,428,428,139860.1,144,428,214,144,144,1,300,0,0,1
335,SOFT_START,RAMP,1,1,428,428,428,139860.1,143,428,214,143,143,1,300,0,0,1
340,SOFT_START,RAMP,1,1,428,428,428,139860.1,142,428,214,142,142,1,300,0,0,1
345,SOFT_START,RAMP,1,1,428,428,428,139860.1,141,428,214,141,141,1,300,0,0,1
350,SOFT_START,RAMP,1,1,428,428,428,139860.1,140,428,214,140,140,1,300,0,0,1
355,SOFT_START,RAMP,1,1,428,428,428,139860.1,139,428,214,139,139,1,300,0,0,1
360,SOFT_START,RAMP,1,1,428,428,428,139860.1,138,428,214,138,138,1,300,0,0,1
365,SOFT_START,RAMP,1,1,428,428,428,139860.1,137,428,214,137,137,1,300,0,0,1
370,SOFT_START,RAMP,1,1,428,428,428,139860.1,136,428,214,136,136,1,300,0,0,1
375,SOFT_START,RAMP,1,1,428,428,428,139860.1,135,428,214,135,135,1,300,0,0,1
380,SOFT_START,RAMP,1,1,428,428,428,139860.1,134,428,214,134,134,1,300,0,0,1
385,SOFT_START,RAMP,1,1,428,428,428,139860.1,133,428,214,133,133,1,300,0,0,1
390,SOFT_START,RAMP,1,1,428,428,428,139860.1,132,428,214,132,132,1,300,0,0,1
395,SOFT_START,RAMP,1,1,428,428,428,139860.1,131,428,214,131,131,1,300,0,0,1
400,SOFT_START,RAMP,1,1,428,428,428,139860.1,130,428,214,130,130,1,300,0,0,1
405,SOFT_START,RAMP,1,1,428,428,428,139860.1,129,428,214,129,129,1,300,0,0,1
410,SOFT_START,RAMP,1,1,428,428,428,139860.1,128,428,214,128,128,1,300,0,0,1
415,SOFT_START,RAMP,1,1,428,428,428,139860.1,127,428,214,127,127,1,300,0,0,1
420,SOFT_START,RAMP,1,1,428,428,428,139860.1,126,428,214,126,126,1,300,0,0,1
425,SOFT_START,RAMP,1,1,428,428,428,139860.1,125,428,214,125,125,1,300,0,0,1
430,SOFT_START,RAMP,1,1,428,428,428,139860.1,124,428,214,124,124,1,300,0,0,1
435,SOFT_START,RAMP,1,1,428,428,428,139860.1,123,428,214,123,123,1,300,0,0,1
440,SOFT_START,RAMP,1,1,428,428,428,139860.1,122,428,214,122,122,1,300,0,0,1
445,SOFT_START,RAMP,1,1,428,428,428,139860.1,121,428,214,121,121,1,300,0,0,1
450,SOFT_START,RAMP,1,1,428,428,428,139860.1,120,428,214,120,120,1,300,0,0,1
455,SOFT_START,RAMP,1,1,428,428,428,139860.1,119,428,214,119,119,1,300,0,0,1
460,SOFT_START,RAMP,1,1,428,428,428,139860.1,118,428,214,118,118,1,300,0,0,1
465,SOFT_START,RAMP,1,1,428,428,428,139860.1,117,428,214,117,117,1,300,0,0,1
470,SOFT_START,RAMP,1,1,428,428,428,139860.1,116,428,214,116,116,1,300,0,0,1
475,SOFT_START,RAMP,1,1,428,428,428,139860.1,115,428,214,115,115,1,300,0,0,1
480,SOFT_START,RAMP,1,1,428,428,428,139860.1,114,428,214,114,114,1,300,0,0,1
485,SOFT_START,RAMP,1,1,428,428,428,139860.1,113,428,214,113,113,1,300,0,0,1
490,SOFT_START,RAMP,1,1,428,428,428,139860.1,112,428,214,112,112,1,300,0,0,1
495,SOFT_START,RAMP,1,1,428,428,428,139860.1,111,428,214,111,111,1,300,0,0,1
500,SOFT_START,RAMP,1,1,428,428,428,139860.1,110,428,214,110,110,1,300,0,0,1
505,SOFT_START,RAMP,1,1,428,428,428,139860.1,109,428,214,109,109,1,300,0,0,1
510,SOFT_START,RAMP,1,1,428,428,428,139860.1,108,428,214,108,108,1,300,0,0,1
515,SOFT_START,RAMP,1,1,428,428,428,139860.1,107,428,214,107,107,1,300,0,0,1
520,SOFT_START,RAMP,1,1,428,428,428,139860.1,106,428,214,106,106,1,300,0,0,1
525,SOFT_START,RAMP,1,1,428,428,428,139860.1,105,428,214,105,105,1,300,0,0,1
530,SOFT_START,RAMP,1,1,428,428,428,139860.1,104,428,214,104,104,1,300,0,0,1
535,SOFT_START,RAMP,1,1,428,428,428,139860.1,103,428,214,103,103,1,300,0,0,1
540,SOFT_START,RAMP,1,1,428,428,428,139860.1,102,428,214,102,102,1,300,0,0,1
545,SOFT_START,RAMP,1,1,428,428,428,139860.1,101,428,214,101,101,1,300,0,0,1
550,SOFT_START,RAMP,1,1,428,428,428,139860.1,100,428,214,100,100,1,300,0,0,1
555,SOFT_START,RAMP,1,1,428,428,428,139860.1,99,428,214,99,99,1,300,0,0,1
560,SOFT_START,RAMP,1,1,428,428,428,139860.1,98,428,214,98,98,1,300,0,0,1
565,SOFT_START,RAMP,1,1,428,428,428,139860.1,97,428,214,97,97,1,300,0,0,1
570,SOFT_START,RAMP,1,1,428,428,428,139860.1,96,428,214,96,96,1,300,0,0,1
575,SOFT_START,RAMP,1,1,428,428,428,139860.1,95,428,214,95,95,1,300,0,0,1
580,SOFT_START,RAMP,1,1,428,428,428,139860.1,94,428,214,94,94,1,300,0,0,1
585,SOFT_START,RAMP,1,1,428,428,428,139860.1,93,428,214,93,93,1,300,0,0,1
590,SOFT_START,RAMP,1,1,428,428,428,139860.1,92,428,214,92,92,1,300,0,0,1
595,SOFT_START,RAMP,1,1,428,428,428,139860.1,91,428,214,91,91,1,300,0,0,1
600,SOFT_START,RAMP,1,1,428,428,428,139860.1,90,428,214,90,90,1,300,0,0,1
605,SOFT_START,RAMP,1,1,428,428,428,139860.1,89,428,214,89,89,1,300,0,0,1
610,SOFT_START,RAMP,1,1,428,428,428,139860.1,88,428,214,88,88,1,300,0,0,1
615,SOFT_START,RAMP,1,1,428,428,428,139860.1,87,428,214,87,87,1,300,0,0,1
620,SOFT_START,RAMP,1,1,428,428,428,139860.1,86,428,214,86,86,1,300,0,0,1
625,SOFT_START,RAMP,1,1,428,428,428,139860.1,85,428,214,85,85,1,300,0,0,1
630,SOFT_START,RAMP,1,1,428,428,428,139860.1,84,428,214,84,84,1,300,0,0,1
635,SOFT_START,RAMP,1,1,428,428,428,139860.1,83,428,214,83,83,1,300,0,0,1
640,SOFT_START,RAMP,1,1,428,428,428,139860.1,82,428,214,82,82,1,300,0,0,1
645,SOFT_START,RAMP,1,1,428,428,428,139860.1,81,428,214,81,81,1,300,0,0,1
650,SOFT_START,RAMP,1,1,428,428,428,139860.1,80,428,214,80,80,1,300,0,0,1
655,SOFT_START,RAMP,1,1,428,428,428,139860.1,79,428,214,79,79,1,300,0,0,1
660,SOFT_START,RAMP,1,1,428,428,428,139860.1,78,428,214,78,78,1,300,0,0,1
665,SOFT_START,RAMP,1,1,428,428,428,139860.1,77,428,214,77,77,1,300,0,0,1
670,SOFT_START,RAMP,1,1,428,428,428,139860.1,76,428,214,76,76,1,300,0,0,1
675,SOFT_START,RAMP,1,1,428,428,428,139860.1,75,428,214,75,75,1,300,0,0,1
680,SOFT_START,RAMP,1,1,428,428,428,139860.1,74,428,214,74,74,1,300,0,0,1
685,SOFT_START,RAMP,1,1,428,428,428,139860.1,73,428,214,73,73,1,300,0,0,1
690,SOFT_START,RAMP,1,1,428,428,428,139860.1,72,428,214,72,72,1,300,0,0,1
695,SOFT_START,RAMP,1,1,428,428,428,139860.1,71,428,214,71,71,1,300,0,0,1
700,SOFT_START,RAMP,1,1,428,428,428,139860.1,70,428,214,70,70,1,300,0,0,1
705,SOFT_START,RAMP,1,1,428,428,428,139860.1,69,428,214,69,69,1,300,0,0,1
710,SOFT_START,RAMP,1,1,428,428,428,139860.1,68,428,214,68,68,1,300,0,0,1
715,SOFT_START,RAMP,1,1,428,428,428,139860.1,67,428,214,67,67,1,300,0,0,1
720,SOFT_START,RAMP,1,1,428,428,428,139860.1,66,428,214,66,66,1,300,0,0,1
725,SOFT_START,RAMP,1,1,428,428,428,139860.1,65,428,214,65,65,1,300,0,0,1
730,SOFT_START,RAMP,1,1,428,428,428,139860.1,64,428,214,64,64,1,300,0,0,1
735,SOFT_START,RAMP,1,1,428,428,428,139860.1,63,428,214,63,63,1,300,0,0,1
740,SOFT_START,RAMP,1,1,428,428,428,139860.1,62,428,214,62,62,1,300,0,0,1
745,SOFT_START,RAMP,1,1,428,428,428,139860.1,61,428,214,61,61,1,300,0,0,1
750,SOFT_START,RAMP,1,1,428,428,428,139860.1,60,428,214,60,60,1,300,0,0,1
755,SOFT_START,RAMP,1,1,428,428,428,139860.1,59,428,214,59,59,1,300,0,0,1
760,SOFT_START,RAMP,1,1,428,428,428,139860.1,58,428,214,58,58,1,300,0,0,1
765,SOFT_START,RAMP,1,1,428,428,428,139860.1,57,428,214,57,57,1,300,0,0,1
770,SOFT_START,RAMP,1,1,428,428,428,139860.1,56,428,214,56,56,1,300,0,0,1
775,SOFT_START,RAMP,1,1,428,428,428,139860.1,55,428,214,55,55,1,300,0,0,1
780,SOFT_START,RAMP,1,1,428,428,428,139860.1,54,428,214,54,54,1,300,0,0,1
785,SOFT_START,RAMP,1,1,428,428,428,139860.1,53,428,214,53,53,1,300,0,0,1
790,SOFT_START,RAMP,1,1,428,428,428,139860.1,52,428,214,52,52,1,300,0,0,1
795,SOFT_START,RAMP,1,1,428,428,428,139860.1,51,428,214,51,51,1,300,0,0,1
800,SOFT_START,RAMP,1,1,428,428,428,139860.1,50,428,214,50,50,1,300,0,0,1
805,SOFT_START,RAMP,1,1,428,428,428,139860.1,49,428,214,49,49,1,300,0,0,1
810,SOFT_START,RAMP,1,1,428,428,428,139860.1,48,428,214,48,48,1,300,0,0,1
815,SOFT_START,RAMP,1,1,428,428,428,139860.1,47,428,214,47,47,1,300,0,0,1
820,SOFT_START,RAMP,1,1,428,428,428,139860.1,46,428,214,46,46,1,300,0,0,1
825,SOFT_START,RAMP,1,1,428,428,428,139860.1,45,428,214,45,45,1,300,0,0,1
830,SOFT_START,RAMP,1,1,428,428,428,139860.1,44,428,214,44,44,1,300,0,0,1
835,SOFT_START,RAMP,1,1,428,428,428,139860.1,43,428,214,43,43,1,300,0,0,1
840,SOFT_START,RAMP,1,1,428,428,428,139860.1,42,428,214,42,42,1,300,0,0,1
845,SOFT_START,RAMP,1,1,428,428,428,139860.1,41,428,214,41,41,1,300,0,0,1
850,SOFT_START,RAMP,1,1,428,428,428,139860.1,40,428,214,40,40,1,300,0,0,1
855,SOFT_START,RAMP,1,1,428,428,428,139860.1,39,428,214,39,39,1,300,0,0,1
860,SOFT_START,RAMP,1,1,428,428,428,139860.1,38,428,214,38,38,1,300,0,0,1
865,SOFT_START,RAMP,1,1,428,428,428,139860.1,37,428,214,37,37,1,300,0,0,1
870,RUN,COMPLETE,1,1,428,428,428,139860.1,36,428,214,36,36,1,300,0,0,1
875,RUN,COMPLETE,1,1,428,428,428,139860.1,36,428,214,36,36,1,300,0,0,1
880,RUN,COMPLETE,1,1,428,428,428,139860.1,36,428,214,36,36,1,300,0,0,1
885,RUN,COMPLETE,1,1,428,428,428,139860.1,36,428,214,36,36,1,300,0,0,1
890,RUN,COMPLETE,1,1,428,428,428,139860.1,36,428,214,36,36,1,300,0,0,1
895,RUN,COMPLETE,1,1,428,428,428,139860.1,36,428,214,36,36,1,300,0,0,1
900,RUN,COMPLETE,1,1,428,428,428,139860.1,36,428,214,36,36,1,300,0,0,1
905,RUN,COMPLETE,1,1,428,428,428,139860.1,36,428,214,36,36,1,300,0,0,1
910,RUN,COMPLETE,1,1,428,428,428,139860.1,36,428,214,36,36,1,300,0,0,1
915,RUN,COMPLETE,1,1,428,428,428,139860.1,36,428,214,36,36,1,300,0,0,1
920,RUN,COMPLETE,1,1,428,428,428,139860.1,36,428,214,36,36,1,300,0,0,1
925,RUN,COMPLETE,1,1,428,428,428,139860.1,36,428,214,36,36,1,300,0,0,1
930,RUN,COMPLETE,1,1,428,428,428,139860.1,36,428,214,36,36,1,300,0,0,1
935,RUN,COMPLETE,1,1,428,428,428,139860.1,36,428,214,36,36,1,300,0,0,1
940,RUN,COMPLETE,1,1,428,428,428,139860.1,36,428,214,36,36,1,300,0,0,1
945,RUN,COMPLETE,1,1,428,428,428,139860.1,36,428,214,36,36,1,300,0,0,1
950,RUN,COMPLETE,1,1,428,428,428,139860.1,36,428,214,36,36,1,300,0,0,1
955,RUN,COMPLETE,1,1,428,428,428,139860.1,36,428,214,36,36,1,300,0,0,1
960,RUN,COMPLETE,1,1,428,428,428,139860.1,36,428,214,36,36,1,300,0,0,1
965,RUN,COMPLETE,1,1,428,428,428,139860.1,36,428,214,36,36,1,300,0,0,1
970,RUN,COMPLETE,1,1,428,428,428,139860.1,36,428,214,36,36,1,300,0,0,1
975,RUN,COMPLETE,1,1,428,428,428,139860.1,36,428,214,36,36,1,300,0,0,1
980,RUN,COMPLETE,1,1,428,428,428,139860.1,36,428,214,36,36,1,300,0,0,1
985,RUN,COMPLETE,1,1,428,428,428,139860.1,36,428,214,36,36,1,300,0,0,1
990,RUN,COMPLETE,1,1,428,428,428,139860.1,36,428,214,36,36,1,300,0,0,1
995,RUN,COMPLETE,1,1,428,428,428,139860.1,36,428,214,36,36,1,300,0,0,1
1000,RUN,COMPLETE,1,1,428,428,428,139860.1,36,428,214,36,36,1,300,0,0,1
1005,RUN,COMPLETE,1,1,428,428,428,139860.1,36,428,214,36,36,1,300,0,0,1
1010,RUN,COMPLETE,1,1,428,428,428,139860.1,36,428,214,36,36,1,300,0,0,1
1015,RUN,COMPLETE,1,1,428,428,428,139860.1,36,428,214,36,36,1,300,0,0,1
1020,RUN,COMPLETE,1,1,428,428,428,139860.1,36,428,214,36,36,1,300,0,0,1
1025,RUN,COMPLETE,1,1,428,428,428,139860.1,36,428,214,36,36,1,300,0,0,1
1030,RUN,COMPLETE,1,1,428,428,428,139860.1,36,428,214,36,36,1,300,0,0,1
1035,RUN,COMPLETE,1,1,428,428,428,139860.1,36,428,214,36,36,1,300,0,0,1
1040,RUN,COMPLETE,1,1,428,428,428,139860.1,36,428,214,36,36,1,300,0,0,1
1045,RUN,COMPLETE,1,1,428,428,428,139860.1,36,428,214,36,36,1,300,0,0,1
1050,RUN,COMPLETE,1,1,428,428,428,139860.1,36,428,214,36,36,1,300,0,0,1
1055,RUN,COMPLETE,1,1,428,428,428,139860.1,36,428,214,36,36,1,300,0,0,1
1060,RUN,COMPLETE,1,1,428,428,428,139860.1,36,428,214,36,36,1,300,0,0,1
1065,RUN,COMPLETE,1,1,428,428,428,139860.1,36,428,214,36,36,1,300,0,0,1
1070,RUN,COMPLETE,1,1,428,428,428,139860.1,36,428,214,36,36,1,300,0,0,1
1075,RUN,COMPLETE,1,1,428,428,428,139860.1,36,428,214,36,36,1,300,0,0,1
1080,RUN,COMPLETE,1,1,428,428,428,139860.1,36,428,214,36,36,1,300,0,0,1
1085,RUN,COMPLETE,1,1,428,428,428,139860.1,36,428,214,36,36,1,300,0,0,1
1090,RUN,COMPLETE,1,1,428,428,428,139860.1,36,428,214,36,36,1,300,0,0,1
1095,RUN,COMPLETE,1,1,428,428,428,139860.1,36,428,214,36,36,1,300,0,0,1
